-- Create Exhibition items from wiki exhibition history
-- Run with: docker compose exec -T db mariadb -u root -proot omeka < scripts/create_exhibitions.sql

-- Item set resource
INSERT INTO resource (id, owner_id, resource_class_id, resource_template_id, is_public, created, modified, resource_type)
VALUES (11307, 1, NULL, NULL, 1, NOW(), NOW(), 'Omeka\\Entity\\ItemSet');
INSERT INTO item_set (id, is_open) VALUES (11307, 0);
INSERT INTO `value` (resource_id, property_id, type, value_resource_id, `value`, uri, lang, is_public)
VALUES (11307, 1, 'literal', NULL, 'Exhibitions', NULL, NULL, 1);

-- Exhibition items: resource_class_id 879 = schema:ExhibitionEvent, resource_template_id 4 = Exhibition
-- Properties: 1=title, 7=date, 230=location, 8=type, 4=description

INSERT INTO resource (id, owner_id, resource_class_id, resource_template_id, is_public, created, modified, resource_type) VALUES
(11310, 1, 879, 4, 1, NOW(), NOW(), 'Omeka\\Entity\\Item'),
(11311, 1, 879, 4, 1, NOW(), NOW(), 'Omeka\\Entity\\Item'),
(11312, 1, 879, 4, 1, NOW(), NOW(), 'Omeka\\Entity\\Item'),
(11313, 1, 879, 4, 1, NOW(), NOW(), 'Omeka\\Entity\\Item'),
(11314, 1, 879, 4, 1, NOW(), NOW(), 'Omeka\\Entity\\Item'),
(11315, 1, 879, 4, 1, NOW(), NOW(), 'Omeka\\Entity\\Item'),
(11316, 1, 879, 4, 1, NOW(), NOW(), 'Omeka\\Entity\\Item'),
(11317, 1, 879, 4, 1, NOW(), NOW(), 'Omeka\\Entity\\Item'),
(11318, 1, 879, 4, 1, NOW(), NOW(), 'Omeka\\Entity\\Item'),
(11319, 1, 879, 4, 1, NOW(), NOW(), 'Omeka\\Entity\\Item'),
(11320, 1, 879, 4, 1, NOW(), NOW(), 'Omeka\\Entity\\Item'),
(11321, 1, 879, 4, 1, NOW(), NOW(), 'Omeka\\Entity\\Item'),
(11322, 1, 879, 4, 1, NOW(), NOW(), 'Omeka\\Entity\\Item'),
(11323, 1, 879, 4, 1, NOW(), NOW(), 'Omeka\\Entity\\Item'),
(11324, 1, 879, 4, 1, NOW(), NOW(), 'Omeka\\Entity\\Item'),
(11325, 1, 879, 4, 1, NOW(), NOW(), 'Omeka\\Entity\\Item'),
(11326, 1, 879, 4, 1, NOW(), NOW(), 'Omeka\\Entity\\Item'),
(11327, 1, 879, 4, 1, NOW(), NOW(), 'Omeka\\Entity\\Item'),
(11328, 1, 879, 4, 1, NOW(), NOW(), 'Omeka\\Entity\\Item'),
(11329, 1, 879, 4, 1, NOW(), NOW(), 'Omeka\\Entity\\Item'),
(11330, 1, 879, 4, 1, NOW(), NOW(), 'Omeka\\Entity\\Item'),
(11331, 1, 879, 4, 1, NOW(), NOW(), 'Omeka\\Entity\\Item'),
(11332, 1, 879, 4, 1, NOW(), NOW(), 'Omeka\\Entity\\Item'),
(11333, 1, 879, 4, 1, NOW(), NOW(), 'Omeka\\Entity\\Item'),
(11334, 1, 879, 4, 1, NOW(), NOW(), 'Omeka\\Entity\\Item'),
(11335, 1, 879, 4, 1, NOW(), NOW(), 'Omeka\\Entity\\Item'),
(11336, 1, 879, 4, 1, NOW(), NOW(), 'Omeka\\Entity\\Item'),
(11337, 1, 879, 4, 1, NOW(), NOW(), 'Omeka\\Entity\\Item'),
(11338, 1, 879, 4, 1, NOW(), NOW(), 'Omeka\\Entity\\Item'),
(11339, 1, 879, 4, 1, NOW(), NOW(), 'Omeka\\Entity\\Item'),
(11340, 1, 879, 4, 1, NOW(), NOW(), 'Omeka\\Entity\\Item'),
(11341, 1, 879, 4, 1, NOW(), NOW(), 'Omeka\\Entity\\Item'),
(11342, 1, 879, 4, 1, NOW(), NOW(), 'Omeka\\Entity\\Item'),
(11343, 1, 879, 4, 1, NOW(), NOW(), 'Omeka\\Entity\\Item'),
(11344, 1, 879, 4, 1, NOW(), NOW(), 'Omeka\\Entity\\Item'),
(11345, 1, 879, 4, 1, NOW(), NOW(), 'Omeka\\Entity\\Item'),
(11346, 1, 879, 4, 1, NOW(), NOW(), 'Omeka\\Entity\\Item'),
(11347, 1, 879, 4, 1, NOW(), NOW(), 'Omeka\\Entity\\Item'),
(11348, 1, 879, 4, 1, NOW(), NOW(), 'Omeka\\Entity\\Item'),
(11349, 1, 879, 4, 1, NOW(), NOW(), 'Omeka\\Entity\\Item'),
(11350, 1, 879, 4, 1, NOW(), NOW(), 'Omeka\\Entity\\Item'),
(11351, 1, 879, 4, 1, NOW(), NOW(), 'Omeka\\Entity\\Item'),
(11352, 1, 879, 4, 1, NOW(), NOW(), 'Omeka\\Entity\\Item'),
(11353, 1, 879, 4, 1, NOW(), NOW(), 'Omeka\\Entity\\Item'),
(11354, 1, 879, 4, 1, NOW(), NOW(), 'Omeka\\Entity\\Item'),
(11355, 1, 879, 4, 1, NOW(), NOW(), 'Omeka\\Entity\\Item'),
(11356, 1, 879, 4, 1, NOW(), NOW(), 'Omeka\\Entity\\Item'),
(11357, 1, 879, 4, 1, NOW(), NOW(), 'Omeka\\Entity\\Item'),
(11358, 1, 879, 4, 1, NOW(), NOW(), 'Omeka\\Entity\\Item'),
(11359, 1, 879, 4, 1, NOW(), NOW(), 'Omeka\\Entity\\Item'),
(11360, 1, 879, 4, 1, NOW(), NOW(), 'Omeka\\Entity\\Item'),
(11361, 1, 879, 4, 1, NOW(), NOW(), 'Omeka\\Entity\\Item'),
(11362, 1, 879, 4, 1, NOW(), NOW(), 'Omeka\\Entity\\Item'),
(11363, 1, 879, 4, 1, NOW(), NOW(), 'Omeka\\Entity\\Item'),
(11364, 1, 879, 4, 1, NOW(), NOW(), 'Omeka\\Entity\\Item'),
(11365, 1, 879, 4, 1, NOW(), NOW(), 'Omeka\\Entity\\Item'),
(11366, 1, 879, 4, 1, NOW(), NOW(), 'Omeka\\Entity\\Item'),
(11367, 1, 879, 4, 1, NOW(), NOW(), 'Omeka\\Entity\\Item'),
(11368, 1, 879, 4, 1, NOW(), NOW(), 'Omeka\\Entity\\Item');

INSERT INTO item (id) VALUES
(11310),(11311),(11312),(11313),(11314),(11315),(11316),(11317),(11318),(11319),
(11320),(11321),(11322),(11323),(11324),(11325),(11326),(11327),(11328),(11329),
(11330),(11331),(11332),(11333),(11334),(11335),(11336),(11337),(11338),(11339),
(11340),(11341),(11342),(11343),(11344),(11345),(11346),(11347),(11348),(11349),
(11350),(11351),(11352),(11353),(11354),(11355),(11356),(11357),(11358),(11359),
(11360),(11361),(11362),(11363),(11364),(11365),(11366),(11367),(11368);

INSERT INTO item_item_set (item_id, item_set_id) VALUES
(11310,11307),(11311,11307),(11312,11307),(11313,11307),(11314,11307),(11315,11307),
(11316,11307),(11317,11307),(11318,11307),(11319,11307),(11320,11307),(11321,11307),
(11322,11307),(11323,11307),(11324,11307),(11325,11307),(11326,11307),(11327,11307),
(11328,11307),(11329,11307),(11330,11307),(11331,11307),(11332,11307),(11333,11307),
(11334,11307),(11335,11307),(11336,11307),(11337,11307),(11338,11307),(11339,11307),
(11340,11307),(11341,11307),(11342,11307),(11343,11307),(11344,11307),(11345,11307),
(11346,11307),(11347,11307),(11348,11307),(11349,11307),(11350,11307),(11351,11307),
(11352,11307),(11353,11307),(11354,11307),(11355,11307),(11356,11307),(11357,11307),
(11358,11307),(11359,11307),(11360,11307),(11361,11307),(11362,11307),(11363,11307),
(11364,11307),(11365,11307),(11366,11307),(11367,11307),(11368,11307);

-- Values: title (1), date (7), location (230), type (8), description (4)
INSERT INTO `value` (resource_id, property_id, type, `value`, is_public) VALUES
(11310, 1, 'literal', 'Organization of Independent Artists', 1),
(11310, 7, 'literal', 'April 1999', 1),
(11310, 230, 'literal', 'Organization of Independent Artists, New York, NY', 1),
(11310, 8, 'literal', 'Group', 1),
(11311, 1, 'literal', 'School Street Gallery', 1),
(11311, 7, 'literal', 'October 1999', 1),
(11311, 230, 'literal', 'School Street Gallery, Rockport, MA', 1),
(11311, 8, 'literal', 'Group', 1),
(11312, 1, 'literal', 'School Street Gallery', 1),
(11312, 7, 'literal', 'May 2000', 1),
(11312, 230, 'literal', 'School Street Gallery, Rockport, MA', 1),
(11312, 8, 'literal', 'Group', 1),
(11313, 1, 'literal', 'Solo Exhibition at Home of Martin B. O''Connor II', 1),
(11313, 7, 'literal', 'March 2003', 1),
(11313, 230, 'literal', 'Home of Martin B. O''Connor II, New Vernon, NJ', 1),
(11313, 8, 'literal', 'Solo', 1),
(11314, 1, 'literal', 'Diane von Furstenburg Gallery', 1),
(11314, 7, 'literal', 'April 2003', 1),
(11314, 230, 'literal', 'Diane von Furstenburg Gallery, New York, NY', 1),
(11314, 8, 'literal', 'Group', 1),
(11315, 1, 'literal', 'Sunny Day Gallery', 1),
(11315, 7, 'literal', 'July 2003', 1),
(11315, 230, 'literal', 'Sunny Day Gallery, Gloucester, MA', 1),
(11315, 8, 'literal', 'Solo', 1),
(11316, 1, 'literal', 'Jim Budman Gallery', 1),
(11316, 7, 'literal', 'November 2003', 1),
(11316, 230, 'literal', 'Jim Budman Gallery, New York, NY', 1),
(11316, 8, 'literal', 'Solo', 1),
(11317, 1, 'literal', 'Jane Deering Gallery', 1),
(11317, 7, 'literal', 'July–August 2004', 1),
(11317, 230, 'literal', 'Jane Deering Gallery, Gloucester, MA', 1),
(11317, 8, 'literal', 'Group', 1),
(11318, 1, 'literal', 'The Pingry School', 1),
(11318, 7, 'literal', 'November 2004', 1),
(11318, 230, 'literal', 'The Pingry School, New Vernon, NJ', 1),
(11318, 8, 'literal', 'Solo', 1),
(11319, 1, 'literal', 'For Rent Gallery', 1),
(11319, 7, 'literal', 'December 2004', 1),
(11319, 230, 'literal', 'For Rent Gallery, Gloucester, MA', 1),
(11319, 8, 'literal', 'Solo', 1),
(11320, 1, 'literal', 'Jane Deering Gallery', 1),
(11320, 7, 'literal', 'March 2005', 1),
(11320, 230, 'literal', 'Jane Deering Gallery, Santa Barbara, CA', 1),
(11320, 8, 'literal', 'Group', 1),
(11321, 1, 'literal', 'Sibling.', 1),
(11321, 7, 'literal', 'April 2005', 1),
(11321, 230, 'literal', 'The LAB at The Revolving Museum, Lowell, MA', 1),
(11321, 8, 'literal', 'Group', 1),
(11321, 4, 'literal', 'Group show organized by Mark Henderson through OUtlET magazine. 181 Market St, The Revolving Museum basement annex.', 1),
(11322, 1, 'literal', 'The Revolving Museum Master Class', 1),
(11322, 7, 'literal', '2005', 1),
(11322, 230, 'literal', 'The Revolving Museum, Lowell, MA', 1),
(11322, 8, 'literal', 'Group', 1),
(11323, 1, 'literal', 'Jane Deering Gallery', 1),
(11323, 7, 'literal', 'July–August 2005', 1),
(11323, 230, 'literal', 'Jane Deering Gallery, Gloucester, MA', 1),
(11323, 8, 'literal', 'Group', 1),
(11324, 1, 'literal', 'Bigzanda Gallery', 1),
(11324, 7, 'literal', 'August 2005', 1),
(11324, 230, 'literal', 'Bigzanda Gallery, Gloucester, MA', 1),
(11324, 8, 'literal', 'Solo', 1),
(11325, 1, 'literal', 'Artspace Gallery', 1),
(11325, 7, 'literal', 'September 2005', 1),
(11325, 230, 'literal', 'Artspace Gallery, Gloucester, MA', 1),
(11325, 8, 'literal', 'Solo', 1),
(11326, 1, 'literal', 'DeCordova Museum', 1),
(11326, 7, 'literal', 'April–August 2006', 1),
(11326, 230, 'literal', 'DeCordova Museum, Lincoln, MA', 1),
(11326, 8, 'literal', 'Group', 1),
(11326, 4, 'literal', 'Notable institutional show.', 1),
(11327, 1, 'literal', 'Earl McGrath Gallery', 1),
(11327, 7, 'literal', 'July 2006', 1),
(11327, 230, 'literal', 'Earl McGrath Gallery, Los Angeles, CA', 1),
(11327, 8, 'literal', 'Solo', 1),
(11328, 1, 'literal', 'Bass Rocks Beach Club', 1),
(11328, 7, 'literal', 'July 2006', 1),
(11328, 230, 'literal', 'Bass Rocks Beach Club, Gloucester, MA', 1),
(11328, 8, 'literal', 'Group', 1),
(11329, 1, 'literal', 'Jane Deering Gallery', 1),
(11329, 7, 'literal', 'July 2006', 1),
(11329, 230, 'literal', 'Jane Deering Gallery, Gloucester, MA', 1),
(11329, 8, 'literal', 'Group', 1),
(11330, 1, 'literal', 'Jane Deering Gallery', 1),
(11330, 7, 'literal', 'August 2006', 1),
(11330, 230, 'literal', 'Jane Deering Gallery, Boston, MA', 1),
(11330, 8, 'literal', 'Group', 1),
(11331, 1, 'literal', 'Bigzanda Gallery', 1),
(11331, 7, 'literal', 'September 2006', 1),
(11331, 230, 'literal', 'Bigzanda Gallery, Gloucester, MA', 1),
(11331, 8, 'literal', 'Solo', 1),
(11332, 1, 'literal', 'Jane Deering Gallery', 1),
(11332, 7, 'literal', 'March 2007', 1),
(11332, 230, 'literal', 'Jane Deering Gallery, Santa Barbara, CA', 1),
(11332, 8, 'literal', 'Group', 1),
(11333, 1, 'literal', 'Bass Rocks Beach Club', 1),
(11333, 7, 'literal', 'July 2007', 1),
(11333, 230, 'literal', 'Bass Rocks Beach Club, Gloucester, MA', 1),
(11333, 8, 'literal', 'Group', 1),
(11334, 1, 'literal', 'Philoctetes Center', 1),
(11334, 7, 'literal', 'October 2007', 1),
(11334, 230, 'literal', 'Philoctetes Center, New York, NY', 1),
(11334, 8, 'literal', 'Group', 1),
(11335, 1, 'literal', 'Novas Centre', 1),
(11335, 7, 'literal', 'February 2008', 1),
(11335, 230, 'literal', 'Novas Centre, Liverpool, England', 1),
(11335, 8, 'literal', 'Group', 1),
(11335, 4, 'literal', 'Only UK show on record.', 1),
(11336, 1, 'literal', 'Solo Exhibition at Home of Martin B. O''Connor II', 1),
(11336, 7, 'literal', 'April 2008', 1),
(11336, 230, 'literal', 'Home of Martin B. O''Connor II, New Vernon, NJ', 1),
(11336, 8, 'literal', 'Solo', 1),
(11337, 1, 'literal', 'Bob Woolf Gallery', 1),
(11337, 7, 'literal', 'June 2008', 1),
(11337, 230, 'literal', 'Bob Woolf Gallery, Gloucester, MA', 1),
(11337, 8, 'literal', 'Group', 1),
(11338, 1, 'literal', 'Jane Deering Gallery', 1),
(11338, 7, 'literal', 'July 2008', 1),
(11338, 230, 'literal', 'Jane Deering Gallery, Gloucester, MA', 1),
(11338, 8, 'literal', 'Group', 1),
(11339, 1, 'literal', 'Blackburn Performing Arts Center', 1),
(11339, 7, 'literal', 'July 2008', 1),
(11339, 230, 'literal', 'Blackburn Performing Arts Center, Gloucester, MA', 1),
(11339, 8, 'literal', 'Group', 1),
(11340, 1, 'literal', 'Flat Rocks Gallery', 1),
(11340, 7, 'literal', 'July 2008', 1),
(11340, 230, 'literal', 'Flat Rocks Gallery, Gloucester, MA', 1),
(11340, 8, 'literal', 'Group', 1),
(11341, 1, 'literal', 'Bass Rocks Beach Club', 1),
(11341, 7, 'literal', 'July 2008', 1),
(11341, 230, 'literal', 'Bass Rocks Beach Club, Gloucester, MA', 1),
(11341, 8, 'literal', 'Group', 1),
(11342, 1, 'literal', 'Shrine Gallery', 1),
(11342, 7, 'literal', 'August–October 2008', 1),
(11342, 230, 'literal', 'Shrine Gallery, Gloucester, MA', 1),
(11342, 8, 'literal', 'Solo', 1),
(11343, 1, 'literal', 'Bait and Tackle Gallery', 1),
(11343, 7, 'literal', 'September 2008', 1),
(11343, 230, 'literal', 'Bait and Tackle Gallery, Gloucester, MA', 1),
(11343, 8, 'literal', 'Solo', 1),
(11344, 1, 'literal', 'The Pingry School', 1),
(11344, 7, 'literal', 'September–October 2008', 1),
(11344, 230, 'literal', 'The Pingry School, Martinsville, NJ', 1),
(11344, 8, 'literal', 'Group', 1),
(11345, 1, 'literal', 'Riverfront Gallery', 1),
(11345, 7, 'literal', 'May 2009', 1),
(11345, 230, 'literal', 'Riverfront Gallery, Millville, NJ', 1),
(11345, 8, 'literal', 'Group', 1),
(11346, 1, 'literal', 'Traylor Gallery', 1),
(11346, 7, 'literal', 'September 2009', 1),
(11346, 230, 'literal', 'Traylor Gallery, Princeton, NJ', 1),
(11346, 8, 'literal', 'Group', 1),
(11347, 1, 'literal', 'Blackburn Gallery', 1),
(11347, 7, 'literal', 'September 2009', 1),
(11347, 230, 'literal', 'Blackburn Gallery, Gloucester, MA', 1),
(11347, 8, 'literal', 'Solo', 1),
(11348, 1, 'literal', 'Straube Gallery', 1),
(11348, 7, 'literal', 'March–April 2010', 1),
(11348, 230, 'literal', 'Straube Gallery, Princeton, NJ', 1),
(11348, 8, 'literal', 'Group', 1),
(11349, 1, 'literal', 'What Makes Us Smile?', 1),
(11349, 7, 'literal', '2010–2011', 1),
(11349, 230, 'literal', 'American Visionary Art Museum, Baltimore, MD', 1),
(11349, 8, 'literal', 'Group', 1),
(11349, 4, 'literal', 'Courtesy of Traylor-Post Gallery, Princeton, NJ. Major institutional group show at AVAM.', 1),
(11350, 1, 'literal', 'Bass Rocks Beach Club', 1),
(11350, 7, 'literal', 'July 2010', 1),
(11350, 230, 'literal', 'Bass Rocks Beach Club, Gloucester, MA', 1),
(11350, 8, 'literal', 'Group', 1),
(11351, 1, 'literal', 'Traylor Gallery', 1),
(11351, 7, 'literal', 'February 2011', 1),
(11351, 230, 'literal', 'Traylor Gallery, Hightstown, NJ', 1),
(11351, 8, 'literal', 'Solo', 1),
(11352, 1, 'literal', 'PEAC Gallery', 1),
(11352, 7, 'literal', 'April 2011', 1),
(11352, 230, 'literal', 'PEAC Gallery, Pennington, NJ', 1),
(11352, 8, 'literal', 'Solo', 1),
(11353, 1, 'literal', 'Princeton Day School', 1),
(11353, 7, 'literal', 'December 2011', 1),
(11353, 230, 'literal', 'Princeton Day School, Princeton, NJ', 1),
(11353, 8, 'literal', 'Solo', 1),
(11354, 1, 'literal', 'Open Door Gallery', 1),
(11354, 7, 'literal', 'January–March 2012', 1),
(11354, 230, 'literal', 'Open Door Gallery, Boston, MA', 1),
(11354, 8, 'literal', 'Solo', 1),
(11355, 1, 'literal', 'The Pingry School', 1),
(11355, 7, 'literal', 'March 2012', 1),
(11355, 230, 'literal', 'The Pingry School, Martinsville, NJ', 1),
(11355, 8, 'literal', 'Solo', 1),
(11356, 1, 'literal', 'Alternatives Heritage Gallery', 1),
(11356, 7, 'literal', '2017', 1),
(11356, 230, 'literal', 'Alternatives Heritage Gallery, Whitinsville, MA', 1),
(11356, 8, 'literal', 'Group', 1),
(11357, 1, 'literal', 'Mackerel!', 1),
(11357, 7, 'literal', '2018', 1),
(11357, 230, 'literal', 'Gloucester, MA', 1),
(11357, 8, 'literal', 'Group', 1),
(11357, 4, 'literal', 'Big Boy Art collaboration with Paul Cary Goldberg.', 1),
(11358, 1, 'literal', 'Unchained Brain', 1),
(11358, 7, 'literal', '2017–2018', 1),
(11358, 230, 'literal', 'Various venues', 1),
(11358, 8, 'literal', 'Solo', 1),
(11358, 4, 'literal', 'Autobiographical one-man show.', 1),
(11359, 1, 'literal', 'Gloucester Marine Genomics Institute', 1),
(11359, 7, 'literal', '2019', 1),
(11359, 230, 'literal', 'Gloucester Marine Genomics Institute, Gloucester, MA', 1),
(11359, 8, 'literal', 'Group', 1),
(11359, 4, 'literal', 'Two-man show with Paul Cary Goldberg (Big Boy Art).', 1),
(11360, 1, 'literal', 'Aux frontieres de l''art brut', 1),
(11360, 7, 'literal', 'September 2023 – February 2024', 1),
(11360, 230, 'literal', 'Halle Saint-Pierre, Paris, France', 1),
(11360, 8, 'literal', 'Group', 1),
(11360, 4, 'literal', '15 visionary artists. Major international group show.', 1),
(11361, 1, 'literal', 'May You Be Happy', 1),
(11361, 7, 'literal', 'November–December 2023', 1),
(11361, 230, 'literal', 'Arts Council of Princeton, Princeton, NJ', 1),
(11361, 8, 'literal', 'Group', 1),
(11361, 4, 'literal', 'With Hannah Fink. Sarkin''s Pingry alma mater connection.', 1),
(11362, 1, 'literal', 'SuperArtist', 1),
(11362, 7, 'literal', 'Fall 2024 – March 2025', 1),
(11362, 230, 'literal', 'Vincent Price Gallery, Cape Ann Community Cinema, Rockport, MA', 1),
(11362, 8, 'literal', 'Solo', 1),
(11362, 4, 'literal', '190 works. Two rooms. First posthumous exhibition. Organized by Mark Henderson and the Sarkin family. Murray Whyte (Boston Globe) wrote a full appreciation piece (Jan 29, 2025).', 1),
(11363, 1, 'literal', 'How to Draw a Cactus', 1),
(11363, 7, 'literal', 'Early 2026', 1),
(11363, 230, 'literal', 'Galerie Atelier Herenplaats, Rotterdam, Netherlands', 1),
(11363, 8, 'literal', 'Group', 1),
(11363, 4, 'literal', 'Alongside Jacqueline Loeve, Carlos Javier Garcia Huergo, and Tobias Tebbe. Colin Rhodes spoke at the opening. 12 pieces sold.', 1),
(11364, 1, 'literal', 'Fish City Studios Gallery Opening', 1),
(11364, 7, 'literal', 'May 3, 2025', 1),
(11364, 230, 'literal', 'Fish City Studios, 39 Main St, Gloucester, MA', 1),
(11364, 8, 'literal', 'Group', 1),
(11364, 4, 'literal', 'Permanent salon gallery opening. Per WBUR.', 1),
(11365, 1, 'literal', 'Monumental Goldfish at The Cut', 1),
(11365, 7, 'literal', 'December 31, 2025', 1),
(11365, 230, 'literal', 'The Cut, Gloucester, MA', 1),
(11365, 8, 'literal', 'Solo', 1),
(11365, 4, 'literal', '123" x 64" acrylic and oil pastel painting. Rare large-scale work.', 1),
(11366, 1, 'literal', 'Hamptons Fine Art Fair', 1),
(11366, 7, 'literal', '2025', 1),
(11366, 230, 'literal', 'Bushwick Gallery, Hamptons, NY', 1),
(11366, 8, 'literal', 'Group', 1),
(11367, 1, 'literal', 'The Pingry School — Permanent Installation', 1),
(11367, 7, 'literal', 'May 7, 2026', 1),
(11367, 230, 'literal', 'Hostetter Arts Center Gallery, The Pingry School, Basking Ridge, NJ', 1),
(11367, 8, 'literal', 'Solo', 1),
(11367, 4, 'literal', 'Permanent installation of Jon''s portraits. Catalog raisonne launch reception. Jon''s alma mater.', 1),
(11368, 1, 'literal', 'COSMOS', 1),
(11368, 7, 'literal', '2025', 1),
(11368, 230, 'literal', 'Venue TBD', 1),
(11368, 8, 'literal', 'Group', 1),
(11368, 4, 'literal', 'Generated $11k+ in sales. Venue and date details TBD.', 1);

-- Newspaper-archive exhibitions added 2026-04-25 (Gloucester Daily Times clippings)
INSERT INTO resource (id, owner_id, resource_class_id, resource_template_id, is_public, created, modified, resource_type) VALUES
(12207, 1, 879, 4, 1, NOW(), NOW(), 'Omeka\\Entity\\Item'),
(12208, 1, 879, 4, 1, NOW(), NOW(), 'Omeka\\Entity\\Item'),
(12209, 1, 879, 4, 1, NOW(), NOW(), 'Omeka\\Entity\\Item'),
(12210, 1, 879, 4, 1, NOW(), NOW(), 'Omeka\\Entity\\Item');

INSERT INTO item (id) VALUES (12207), (12208), (12209), (12210);

INSERT INTO item_item_set (item_id, item_set_id) VALUES
(12207, 11307), (12208, 11307), (12209, 11307), (12210, 11307);

INSERT INTO `value` (resource_id, property_id, type, `value`, is_public) VALUES
(12207, 1, 'literal', 'The Framery (Levine & Sarkin)', 1),
(12207, 7, 'literal', 'March 4–30, 1994', 1),
(12207, 230, 'literal', 'The Framery, 11 School St., Rockport, MA', 1),
(12207, 8, 'literal', 'Group', 1),
(12207, 4, 'literal', 'Two-person show with Ira Levine. Sarkin showed boxes and constructions with motifs of cacti, gargoyles, and imaginary buildings. Levine showed oils and black-and-white drawings (portraits and landscapes). Opening reception March 4, 7–9 p.m.', 1),

(12208, 1, 'literal', 'The Framery (Clark, Levine & Sarkin)', 1),
(12208, 7, 'literal', 'April 7–29, 1995', 1),
(12208, 230, 'literal', 'The Framery, Rockport, MA', 1),
(12208, 8, 'literal', 'Group', 1),
(12208, 4, 'literal', 'Three-person show with Lynn Van Natta Clark (fanciful drawings) and Ira Levine (figurative landscapes and portraits). Sarkin showed whimsical sculptures and drawings. Opening April 7, 7–9 p.m.', 1),

(12209, 1, 'literal', 'Workingman''s art', 1),
(12209, 7, 'literal', 'December 7–27, 1996', 1),
(12209, 230, 'literal', 'Local Colors Artists Co-op, 142 Main St., Gloucester, MA', 1),
(12209, 8, 'literal', 'Group', 1),
(12209, 4, 'literal', 'Two-person show with Chris Williams, a welder whose iron sculptures depicted fanciful animals and people. Sarkin showed drawings and sculptures of "a whimsical and humorous nature, often involving vividly-colored fanciful subject matter." Both artists resided in Rockport. Opening reception Dec 7, 7–9 p.m. Sarkin was a Local Colors member.', 1),

(12210, 1, 'literal', 'Local Colors of Cape Ann — Open House', 1),
(12210, 7, 'literal', '1996', 1),
(12210, 230, 'literal', 'Local Colors of Cape Ann, 142 Main St., Gloucester, MA', 1),
(12210, 8, 'literal', 'Group', 1),
(12210, 4, 'literal', 'Meet-the-artists open house with live demonstrations, Thursday 6–8 p.m. Sarkin demonstrated multimedia work alongside fellow Local Colors members: Kathy Bucholska (jewelry — amulets and talismans), Bobbie Bush (Polaroid transfers), Barbara Thompson (jewelry — hanging beads), Debbie Clark (reverse glass painting / water gilding). Exact date in 1996 not visible on surviving clipping.', 1);

-- Sibling. visibility fix: legacy record 10727 supersedes seed entry 11321
-- (10727 has richer metadata mentioning Chris Gilroy and the TV-replacing-human-interaction theme).
-- Without this update, Sibling. is hidden from /exhibitions because the legacy record is private.
UPDATE resource SET is_public = 1 WHERE id = 10727;
UPDATE `value` SET `value` = 'Sibling.' WHERE resource_id = 10727 AND property_id = 1;

-- Update resource.title column
UPDATE resource r
JOIN value v ON v.resource_id = r.id AND v.property_id = 1
SET r.title = v.value
WHERE r.id BETWEEN 11307 AND 11368
   OR r.id IN (10727, 12207, 12208, 12209, 12210);
