reference_name,reference_type,works_count,total_repetitions,avg_reps_per_work,primary_tier,work_identifiers
Pablo Picasso,visual_artist,93,325,3.5,exact,"JS-0000-T1178, JS-0000-T1248, JS-0000-T1324, JS-0000-T1474, JS-0000-T1676, JS-0000-T1986, JS-0000-T2014, JS-0000-T2116, JS-0000-T2632, JS-0000-T2684, JS-0000-T2766, JS-0000-T3484, JS-0000-T3974, JS-0000-T4202, JS-0000-T446, JS-0000-T5230, JS-0000-T5550, JS-0000-T5746, JS-0000-T5786, JS-0000-T5858, JS-0000-T586, JS-0000-T6086, JS-0000-T6138, JS-0000-T6196, JS-0000-T6372, JS-0000-T6402, JS-0000-T644, JS-0000-T6522, JS-0000-T6746, JS-0000-T782, JS-1912-T6724, JS-1922-T1360, JS-1922-T2332, JS-1951-T6696, JS-1994-T2710, JS-2007-T4692, JS-2008-T1274, JS-2011-T1174, JS-2012-T4842, JS-2013-T1694, JS-2014-T5400, JS-2016-T1202, JS-2016-T5750, JS-2016-T5778, JS-2017-T1120, JS-2019-T1200, JS-2019-T1794, JS-2019-T2424, JS-2019-T4732, JS-2020-T1176, JS-2021-T1280, JS-2021-T4374, JS-2021-T5844, JS-2022-T987, JS-2023-T3470, JS-2023-T3476, JS-2023-T496, JS-2023-T780, JS-2024-T2036, JS-2026-T7022, JS-2026-T7024, JS-2026-T7028, JS-2026-T7034, JS-2026-T7054, JS-2026-T7116, JS-2026-T7122, JS-2026-T7126, JS-2026-T7130, JS-2026-T7134, JS-2026-T7154, JS-2026-T7164, JS-2026-T7180, JS-2026-T7184, JS-2026-T7192, JS-2026-T7198, JS-2026-T7218, JS-2026-T7244, JS-2026-T7246, JS-2026-T7260, JS-2026-T7262, JS-2026-T7276, JS-2026-T7282, JS-2026-T7290, JS-2026-T7292, JS-2026-T7296, JS-2026-T7298, JS-2026-T7322, JS-2026-T7342, JS-2026-T7344, JS-2026-T7348, JS-2026-T7360, JS-2026-T7362, JS-2027-T283"
Johannes Vermeer,visual_artist,75,567,7.6,exact,"JS-0000-T1001, JS-0000-T1250, JS-0000-T1288, JS-0000-T1616, JS-0000-T1750, JS-0000-T1808, JS-0000-T1886, JS-0000-T1932, JS-0000-T2008, JS-0000-T2170, JS-0000-T2632, JS-0000-T4044, JS-0000-T456, JS-0000-T5272, JS-0000-T5786, JS-0000-T6174, JS-0000-T6196, JS-0000-T6210, JS-0000-T6310, JS-0000-T6402, JS-0000-T6786, JS-1921-T1013, JS-1921-T2682, JS-1922-T2696, JS-1922-T337, JS-1981-T2804, JS-1982-T5476, JS-2002-T2668, JS-2011-T1172, JS-2012-T4842, JS-2014-T5310, JS-2014-T5400, JS-2014-T5924, JS-2015-T1116, JS-2016-T1490, JS-2016-T2112, JS-2016-T396, JS-2016-T4576, JS-2016-T5778, JS-2016-T6044, JS-2016-T6236, JS-2016-T6580, JS-2017-T1764, JS-2017-T5528, JS-2017-T5866, JS-2017-T854, JS-2018-T3740, JS-2019-T1362, JS-2019-T2382, JS-2019-T2424, JS-2021-T1280, JS-2021-T5844, JS-2022-T313, JS-2024-T4678, JS-2026-T7016, JS-2026-T7028, JS-2026-T7040, JS-2026-T7080, JS-2026-T7114, JS-2026-T7120, JS-2026-T7126, JS-2026-T7130, JS-2026-T7138, JS-2026-T7150, JS-2026-T7192, JS-2026-T7194, JS-2026-T7216, JS-2026-T7218, JS-2026-T7244, JS-2026-T7288, JS-2026-T7296, JS-2026-T7306, JS-2026-T7330, JS-2026-T7366, JS-2027-T4064"
Paul Klee,visual_artist,74,194,2.6,exact,"JS-0000-T1288, JS-0000-T1802, JS-0000-T2012, JS-0000-T2014, JS-0000-T2110, JS-0000-T221, JS-0000-T2384, JS-0000-T2632, JS-0000-T2652, JS-0000-T2686, JS-0000-T3974, JS-0000-T4202, JS-0000-T5026, JS-0000-T5110, JS-0000-T5396, JS-0000-T6076, JS-0000-T6440, JS-0000-T666, JS-0000-T6786, JS-0000-T880, JS-1921-T2792, JS-1921-T698, JS-1922-T2332, JS-1922-T337, JS-1922-T5720, JS-1991-T1007, JS-1991-T4996, JS-2006-T1122, JS-2011-T1174, JS-2011-T1612, JS-2011-T1836, JS-2012-T5256, JS-2014-T966, JS-2016-T5750, JS-2016-T5778, JS-2017-T5286, JS-2017-T6400, JS-2017-T6446, JS-2019-T2382, JS-2019-T2424, JS-2020-T1302, JS-2021-T6040, JS-2024-T2036, JS-2024-T4678, JS-2026-T7008, JS-2026-T7018, JS-2026-T7022, JS-2026-T7028, JS-2026-T7034, JS-2026-T7058, JS-2026-T7084, JS-2026-T7098, JS-2026-T7120, JS-2026-T7130, JS-2026-T7134, JS-2026-T7164, JS-2026-T7166, JS-2026-T7170, JS-2026-T7178, JS-2026-T7200, JS-2026-T7218, JS-2026-T7220, JS-2026-T7246, JS-2026-T7260, JS-2026-T7262, JS-2026-T7282, JS-2026-T7296, JS-2026-T7298, JS-2026-T7312, JS-2026-T7338, JS-2026-T7346, JS-2026-T7348, JS-2026-T7360, JS-2026-T7362"
Constantin Brancusi,visual_artist,72,1711,23.8,exact,"JS-0000-T1040, JS-0000-T1262, JS-0000-T1266, JS-0000-T1270, JS-0000-T1276, JS-0000-T1278, JS-0000-T1288, JS-0000-T1290, JS-0000-T1292, JS-0000-T1298, JS-0000-T1300, JS-0000-T1306, JS-0000-T1318, JS-0000-T1320, JS-0000-T1330, JS-0000-T1340, JS-0000-T1342, JS-0000-T1344, JS-0000-T1346, JS-0000-T1348, JS-0000-T1550, JS-0000-T1610, JS-0000-T1680, JS-0000-T169, JS-0000-T175, JS-0000-T2632, JS-0000-T5772, JS-0000-T5800, JS-0000-T6746, JS-1921-T2682, JS-1971-T1364, JS-1991-T4996, JS-2000-T1294, JS-2007-T4692, JS-2008-T1274, JS-2011-T1612, JS-2012-T1332, JS-2012-T1338, JS-2013-T868, JS-2016-T1260, JS-2016-T1310, JS-2016-T6236, JS-2016-T804, JS-2017-T4578, JS-2018-T1286, JS-2019-T1082, JS-2019-T1264, JS-2019-T1296, JS-2019-T1312, JS-2019-T1328, JS-2019-T5448, JS-2020-T1272, JS-2020-T1302, JS-2020-T1304, JS-2021-T1280, JS-2021-T1282, JS-2021-T4374, JS-2022-T4654, JS-2023-T1790, JS-2026-T7010, JS-2026-T7022, JS-2026-T7024, JS-2026-T7040, JS-2026-T7082, JS-2026-T7130, JS-2026-T7156, JS-2026-T7158, JS-2026-T7176, JS-2026-T7192, JS-2026-T7350, JS-2026-T7360, JS-2026-T7368"
Folsom Prison Blues,song,72,484,6.7,exact,"JS-0000-T1178, JS-0000-T1288, JS-0000-T1646, JS-0000-T2652, JS-0000-T2694, JS-0000-T2944, JS-0000-T3438, JS-0000-T3496, JS-0000-T4240, JS-0000-T5022, JS-0000-T5380, JS-0000-T5786, JS-0000-T5814, JS-0000-T610, JS-0000-T6308, JS-0000-T6636, JS-0000-T6664, JS-0000-T6674, JS-0000-T6714, JS-0000-T6768, JS-0000-T6816, JS-0000-T880, JS-0000-T882, JS-1921-T2268, JS-1921-T2698, JS-1921-T850, JS-1923-T490, JS-1933-T6416, JS-1981-T2816, JS-1994-T6534, JS-2002-T2668, JS-2012-T1338, JS-2013-T5070, JS-2013-T6120, JS-2014-T5072, JS-2015-T4672, JS-2015-T6028, JS-2016-T2112, JS-2016-T5750, JS-2016-T6156, JS-2016-T6198, JS-2019-T1794, JS-2019-T2496, JS-2019-T6680, JS-2020-T6486, JS-2021-T1146, JS-2021-T1572, JS-2021-T1974, JS-2021-T2864, JS-2021-T4872, JS-2021-T890, JS-2022-T4940, JS-2023-T1790, JS-2024-T2232, JS-2024-T3408, JS-2024-T3520, JS-2026-T6920, JS-2026-T6926, JS-2026-T7090, JS-2026-T7104, JS-2026-T7218, JS-2026-T7230, JS-2026-T7242, JS-2026-T7244, JS-2026-T7304, JS-2026-T7308, JS-2026-T7322, JS-2026-T7328, JS-2026-T7350, JS-2026-T7376, JS-2027-T2838, JS-2029-T1816"
Andy Warhol,visual_artist,63,206,3.3,exact,"JS-0000-T1586, JS-0000-T1680, JS-0000-T1750, JS-0000-T193, JS-0000-T1986, JS-0000-T2014, JS-0000-T205, JS-0000-T2632, JS-0000-T2794, JS-0000-T3484, JS-0000-T5230, JS-0000-T5702, JS-0000-T6196, JS-0000-T6402, JS-0000-T848, JS-1921-T2682, JS-1922-T1360, JS-1922-T337, JS-1951-T6696, JS-2004-T1618, JS-2011-T1612, JS-2012-T4842, JS-2014-T4588, JS-2014-T5072, JS-2014-T5400, JS-2014-T6246, JS-2016-T5750, JS-2016-T5778, JS-2019-T2382, JS-2019-T2424, JS-2019-T3764, JS-2021-T1280, JS-2021-T5844, JS-2023-T2946, JS-2023-T3350, JS-2023-T496, JS-2024-T2036, JS-2026-T7010, JS-2026-T7028, JS-2026-T7062, JS-2026-T7088, JS-2026-T7090, JS-2026-T7094, JS-2026-T7130, JS-2026-T7164, JS-2026-T7166, JS-2026-T7192, JS-2026-T7218, JS-2026-T7220, JS-2026-T7222, JS-2026-T7232, JS-2026-T7246, JS-2026-T7292, JS-2026-T7296, JS-2026-T7298, JS-2026-T7340, JS-2026-T7342, JS-2026-T7348, JS-2026-T7354, JS-2026-T7360, JS-2026-T7362, JS-2026-T7364, JS-2026-T7366"
Hunter S. Thompson,author,55,157,2.9,exact,"JS-0000-T1292, JS-0000-T1530, JS-0000-T1590, JS-0000-T163, JS-0000-T2008, JS-0000-T2012, JS-0000-T2014, JS-0000-T2388, JS-0000-T3422, JS-0000-T5380, JS-0000-T5862, JS-0000-T5974, JS-0000-T6210, JS-0000-T6818, JS-0000-T814, JS-0000-T862, JS-0000-T880, JS-2002-T2668, JS-2009-T159, JS-2015-T1170, JS-2017-T2418, JS-2017-T5918, JS-2018-T1776, JS-2018-T4054, JS-2019-T1322, JS-2021-T2630, JS-2021-T5338, JS-2022-T1112, JS-2022-T987, JS-2023-T3474, JS-2023-T6748, JS-2024-T924, JS-2026-T6902, JS-2026-T6948, JS-2026-T6958, JS-2026-T7016, JS-2026-T7042, JS-2026-T7050, JS-2026-T7062, JS-2026-T7064, JS-2026-T7072, JS-2026-T7080, JS-2026-T7092, JS-2026-T7116, JS-2026-T7130, JS-2026-T7150, JS-2026-T7176, JS-2026-T7220, JS-2026-T7224, JS-2026-T7254, JS-2026-T7282, JS-2026-T7298, JS-2026-T7336, JS-2026-T7338, JS-2026-T7352"
Jimi Hendrix,musician,52,128,2.5,exact,"JS-0000-T1680, JS-0000-T1750, JS-0000-T193, JS-0000-T2014, JS-0000-T2384, JS-0000-T245, JS-0000-T2684, JS-0000-T3874, JS-0000-T5862, JS-0000-T6218, JS-0000-T6674, JS-0000-T782, JS-1921-T2648, JS-1922-T5720, JS-1933-T6416, JS-2007-T3460, JS-2011-T1612, JS-2012-T4842, JS-2015-T4138, JS-2019-T2318, JS-2019-T2356, JS-2019-T5448, JS-2020-T1176, JS-2022-T371, JS-2024-T2036, JS-2026-T6952, JS-2026-T7008, JS-2026-T7022, JS-2026-T7024, JS-2026-T7038, JS-2026-T7054, JS-2026-T7056, JS-2026-T7058, JS-2026-T7066, JS-2026-T7098, JS-2026-T7106, JS-2026-T7108, JS-2026-T7110, JS-2026-T7112, JS-2026-T7116, JS-2026-T7130, JS-2026-T7134, JS-2026-T7158, JS-2026-T7164, JS-2026-T7170, JS-2026-T7184, JS-2026-T7198, JS-2026-T7246, JS-2026-T7290, JS-2026-T7298, JS-2026-T7340, JS-2026-T7374"
Crucifixion of Jesus,religious,49,173,3.5,exact,"JS-0000-T1478, JS-0000-T2014, JS-0000-T2384, JS-0000-T2766, JS-0000-T5358, JS-0000-T6096, JS-0000-T6674, JS-1921-T6286, JS-1922-T2332, JS-1923-T1528, JS-1972-T2882, JS-2001-T1746, JS-2002-T2668, JS-2006-T1122, JS-2011-T1058, JS-2012-T5646, JS-2016-T2062, JS-2016-T5470, JS-2016-T6574, JS-2019-T1200, JS-2019-T1368, JS-2019-T1650, JS-2019-T6066, JS-2021-T1011, JS-2021-T1280, JS-2022-T2898, JS-2022-T806, JS-2023-T1792, JS-2023-T6068, JS-2024-T1476, JS-2024-T2232, JS-2024-T3384, JS-2026-T6572, JS-2026-T7016, JS-2026-T7022, JS-2026-T7038, JS-2026-T7058, JS-2026-T7108, JS-2026-T7126, JS-2026-T7144, JS-2026-T7168, JS-2026-T7200, JS-2026-T7276, JS-2026-T7290, JS-2026-T7304, JS-2026-T7322, JS-2026-T7346, JS-2026-T7372, JS-2026-T7374"
High Times,other,49,64,1.3,exact,"JS-0000-T141, JS-0000-T1474, JS-0000-T1590, JS-0000-T1668, JS-0000-T1798, JS-0000-T5678, JS-0000-T6062, JS-0000-T6140, JS-0000-T6434, JS-0000-T6438, JS-0000-T6618, JS-0000-T6664, JS-0000-T6802, JS-0000-T728, JS-0000-T794, JS-0000-T810, JS-1922-T1360, JS-1923-T5564, JS-1927-T652, JS-1972-T6578, JS-2001-T6798, JS-2013-T1694, JS-2016-T6448, JS-2016-T6542, JS-2016-T6648, JS-2019-T121, JS-2019-T3588, JS-2023-T1744, JS-2023-T2946, JS-2023-T3380, JS-2023-T3474, JS-2023-T61, JS-2023-T6418, JS-2023-T722, JS-2023-T780, JS-2024-T167, JS-2024-T2232, JS-2024-T3442, JS-2024-T3590, JS-2024-T6624, JS-2024-T924, JS-2026-T6894, JS-2026-T6928, JS-2026-T7082, JS-2026-T7084, JS-2026-T7104, JS-2026-T7140, JS-2026-T7148, JS-2026-T7280"
William Shakespeare,author,46,109,2.4,exact,"JS-0000-T1392, JS-0000-T1544, JS-0000-T2672, JS-0000-T2878, JS-0000-T446, JS-0000-T5110, JS-0000-T5380, JS-0000-T5702, JS-0000-T5786, JS-0000-T6426, JS-0000-T794, JS-0000-T814, JS-1921-T2846, JS-1975-T6260, JS-2011-T1612, JS-2013-T1694, JS-2016-T1202, JS-2016-T1918, JS-2016-T5432, JS-2017-T1654, JS-2017-T4734, JS-2018-T1406, JS-2019-T1626, JS-2023-T3550, JS-2024-T1634, JS-2024-T2036, JS-2026-T6936, JS-2026-T7016, JS-2026-T7034, JS-2026-T7056, JS-2026-T7058, JS-2026-T7062, JS-2026-T7084, JS-2026-T7086, JS-2026-T7088, JS-2026-T7106, JS-2026-T7108, JS-2026-T7138, JS-2026-T7156, JS-2026-T7168, JS-2026-T7240, JS-2026-T7260, JS-2026-T7296, JS-2026-T7298, JS-2026-T7334, JS-2026-T7344"
Joseph Beuys,visual_artist,45,130,2.9,exact,"JS-0000-T1288, JS-0000-T1808, JS-0000-T2364, JS-0000-T2632, JS-0000-T2674, JS-0000-T5800, JS-0000-T6196, JS-0000-T880, JS-1923-T1554, JS-1929-T560, JS-1991-T4996, JS-2011-T1836, JS-2016-T1202, JS-2016-T2396, JS-2016-T804, JS-2017-T1120, JS-2017-T2418, JS-2017-T6400, JS-2019-T2382, JS-2019-T2424, JS-2019-T2454, JS-2020-T1176, JS-2021-T1280, JS-2021-T5844, JS-2021-T6040, JS-2022-T2898, JS-2022-T4654, JS-2024-T2232, JS-2026-T6896, JS-2026-T7018, JS-2026-T7022, JS-2026-T7024, JS-2026-T7028, JS-2026-T7034, JS-2026-T7040, JS-2026-T7078, JS-2026-T7098, JS-2026-T7116, JS-2026-T7130, JS-2026-T7156, JS-2026-T7170, JS-2026-T7178, JS-2026-T7192, JS-2026-T7296, JS-2026-T7360"
Bob Dylan,musician,45,61,1.4,exact,"JS-0000-T163, JS-0000-T1680, JS-0000-T2008, JS-0000-T2464, JS-0000-T2674, JS-0000-T2684, JS-0000-T2706, JS-0000-T4748, JS-0000-T5830, JS-0000-T6282, JS-0000-T6402, JS-0000-T644, JS-0000-T7483, JS-0000-T794, JS-0000-T814, JS-1921-T2846, JS-1981-T2816, JS-1982-T1464, JS-1984-T6596, JS-2007-T3460, JS-2010-T5908, JS-2012-T4842, JS-2014-T5732, JS-2016-T1134, JS-2017-T6820, JS-2021-T2308, JS-2021-T6334, JS-2022-T1484, JS-2022-T2876, JS-2023-T3350, JS-2023-T572, JS-2024-T2036, JS-2026-T6894, JS-2026-T7008, JS-2026-T7022, JS-2026-T7070, JS-2026-T7154, JS-2026-T7184, JS-2026-T7198, JS-2026-T7234, JS-2026-T7272, JS-2026-T7344, JS-2026-T7364, JS-2026-T7374, JS-2027-T283"
Vincent van Gogh,visual_artist,45,51,1.1,multi_word,"JS-0000-T1680, JS-0000-T1774, JS-0000-T205, JS-0000-T2116, JS-0000-T2632, JS-0000-T2672, JS-0000-T3484, JS-0000-T3794, JS-0000-T4896, JS-0000-T5380, JS-0000-T550, JS-0000-T6196, JS-0000-T6234, JS-0000-T644, JS-1921-T4636, JS-1922-T1360, JS-1923-T654, JS-1992-T606, JS-2003-T3530, JS-2014-T5400, JS-2016-T5778, JS-2017-T566, JS-2017-T590, JS-2017-T6820, JS-2018-T544, JS-2019-T2382, JS-2019-T2424, JS-2019-T592, JS-2021-T223, JS-2021-T4374, JS-2021-T5844, JS-2023-T3456, JS-2023-T510, JS-2026-T7028, JS-2026-T7050, JS-2026-T7054, JS-2026-T7080, JS-2026-T7120, JS-2026-T7126, JS-2026-T7180, JS-2026-T7244, JS-2026-T7296, JS-2026-T7338, JS-2026-T7342, JS-2026-T7344"
Amazon River,other,42,56,1.3,exact,"JS-0000-T1110, JS-0000-T1412, JS-0000-T1494, JS-0000-T2204, JS-0000-T2572, JS-0000-T259, JS-0000-T3378, JS-0000-T6338, JS-0000-T6432, JS-0000-T6498, JS-0000-T6500, JS-0000-T814, JS-1921-T6394, JS-1921-T696, JS-1923-T556, JS-1925-T452, JS-1929-T560, JS-1974-T3562, JS-1981-T1788, JS-1982-T1464, JS-1983-T1466, JS-2012-T4350, JS-2013-T868, JS-2014-T5104, JS-2016-T5470, JS-2020-T2758, JS-2021-T157, JS-2021-T5586, JS-2021-T6298, JS-2021-T700, JS-2022-T1472, JS-2022-T2346, JS-2022-T2660, JS-2022-T6678, JS-2023-T3490, JS-2024-T2098, JS-2024-T2194, JS-2024-T3590, JS-2025-T3462, JS-2026-T7020, JS-2026-T7176, JS-2026-T7214"
Jean-Michel Basquiat,visual_artist,42,56,1.3,exact,"JS-0000-T2632, JS-0000-T5772, JS-0000-T6196, JS-1921-T2792, JS-1921-T698, JS-1923-T6382, JS-1951-T6696, JS-1991-T2480, JS-1991-T4996, JS-2007-T4692, JS-2011-T1612, JS-2013-T868, JS-2016-T804, JS-2016-T934, JS-2017-T4578, JS-2019-T2382, JS-2019-T2424, JS-2021-T5844, JS-2022-T4654, JS-2026-T6916, JS-2026-T6944, JS-2026-T6952, JS-2026-T6958, JS-2026-T7010, JS-2026-T7024, JS-2026-T7028, JS-2026-T7034, JS-2026-T7040, JS-2026-T7076, JS-2026-T7078, JS-2026-T7094, JS-2026-T7130, JS-2026-T7138, JS-2026-T7156, JS-2026-T7158, JS-2026-T7160, JS-2026-T7180, JS-2026-T7192, JS-2026-T7298, JS-2026-T7342, JS-2026-T7344, JS-2026-T7366"
The Rolling Stones,band,38,111,2.9,exact,"JS-0000-T137, JS-0000-T1392, JS-0000-T151, JS-0000-T1750, JS-0000-T5862, JS-0000-T6440, JS-0000-T666, JS-0000-T764, JS-1921-T2846, JS-1921-T5590, JS-1921-T6394, JS-1981-T4904, JS-2007-T3460, JS-2011-T1218, JS-2017-T1606, JS-2017-T6744, JS-2019-T2318, JS-2020-T1176, JS-2021-T1498, JS-2021-T1982, JS-2021-T6304, JS-2022-T3486, JS-2023-T1418, JS-2023-T6812, JS-2026-T7022, JS-2026-T7064, JS-2026-T7066, JS-2026-T7106, JS-2026-T7108, JS-2026-T7164, JS-2026-T7184, JS-2026-T7244, JS-2026-T7246, JS-2026-T7256, JS-2026-T7262, JS-2026-T7278, JS-2026-T7290, JS-2026-T7322"
Rembrandt van Rijn,visual_artist,38,48,1.3,exact,"JS-0000-T2014, JS-0000-T2364, JS-0000-T2632, JS-0000-T2766, JS-0000-T3484, JS-0000-T5702, JS-0000-T6140, JS-0000-T6196, JS-0000-T6402, JS-1922-T1360, JS-1922-T2332, JS-1983-T1466, JS-2006-T1122, JS-2007-T4692, JS-2011-T127, JS-2012-T4842, JS-2016-T1202, JS-2016-T5750, JS-2016-T5778, JS-2019-T2382, JS-2020-T1176, JS-2021-T5844, JS-2026-T7028, JS-2026-T7056, JS-2026-T7084, JS-2026-T7180, JS-2026-T7192, JS-2026-T7244, JS-2026-T7246, JS-2026-T7276, JS-2026-T7296, JS-2026-T7342, JS-2026-T7344, JS-2026-T7348, JS-2026-T7360, JS-2026-T7364, JS-2026-T7366, JS-2026-T7372"
Howl,work,36,145,4.0,exact,"JS-0000-T1186, JS-0000-T1392, JS-0000-T1400, JS-0000-T2188, JS-0000-T245, JS-0000-T4504, JS-0000-T5786, JS-0000-T5862, JS-0000-T6402, JS-0000-T6558, JS-1921-T6754, JS-1921-T696, JS-2012-T4842, JS-2015-T1166, JS-2016-T6236, JS-2019-T1322, JS-2021-T864, JS-2022-T1472, JS-2023-T722, JS-2024-T3370, JS-2026-T6888, JS-2026-T7022, JS-2026-T7026, JS-2026-T7086, JS-2026-T7098, JS-2026-T7104, JS-2026-T7122, JS-2026-T7130, JS-2026-T7142, JS-2026-T7152, JS-2026-T7158, JS-2026-T7166, JS-2026-T7194, JS-2026-T7234, JS-2026-T7262, JS-2026-T7374"
Wassily Kandinsky,visual_artist,36,39,1.1,exact,"JS-0000-T2364, JS-0000-T2632, JS-0000-T4264, JS-0000-T6076, JS-0000-T6112, JS-0000-T7483, JS-1922-T337, JS-1922-T5720, JS-2012-T4842, JS-2016-T6574, JS-2017-T5510, JS-2018-T2222, JS-2019-T1200, JS-2019-T2382, JS-2021-T4374, JS-2022-T2898, JS-2026-T6948, JS-2026-T7024, JS-2026-T7028, JS-2026-T7054, JS-2026-T7056, JS-2026-T7090, JS-2026-T7094, JS-2026-T7108, JS-2026-T7126, JS-2026-T7138, JS-2026-T7194, JS-2026-T7244, JS-2026-T7260, JS-2026-T7262, JS-2026-T7282, JS-2026-T7306, JS-2026-T7322, JS-2026-T7360, JS-2026-T7364, JS-2026-T7368"
Chrysler Building,other,35,116,3.3,exact,"JS-0000-T1026, JS-0000-T1110, JS-0000-T1130, JS-0000-T1140, JS-0000-T1370, JS-0000-T2428, JS-0000-T5982, JS-0000-T6096, JS-1921-T6504, JS-1977-T6272, JS-2006-T1122, JS-2012-T4350, JS-2013-T2376, JS-2013-T6464, JS-2015-T1116, JS-2016-T432, JS-2016-T6276, JS-2016-T6448, JS-2016-T6530, JS-2016-T6626, JS-2018-T1024, JS-2018-T1084, JS-2018-T4844, JS-2019-T5308, JS-2020-T1098, JS-2021-T1106, JS-2021-T5092, JS-2021-T5208, JS-2021-T6836, JS-2022-T3464, JS-2022-T6872, JS-2024-T6624, JS-2026-T7278, JS-2026-T7296, JS-2027-T1152"
Castles Made of Sand,song,34,57,1.7,exact,"JS-0000-T1212, JS-0000-T1402, JS-0000-T4642, JS-0000-T5164, JS-0000-T5688, JS-0000-T5764, JS-0000-T6338, JS-0000-T6630, JS-0000-T6722, JS-0000-T862, JS-1921-T5024, JS-1921-T6192, JS-1921-T738, JS-1974-T5174, JS-1981-T1738, JS-1982-T1464, JS-2003-T1638, JS-2013-T2192, JS-2013-T2550, JS-2013-T4776, JS-2016-T6758, JS-2016-T6862, JS-2020-T4884, JS-2021-T2630, JS-2021-T4696, JS-2021-T5906, JS-2023-T1744, JS-2024-T1946, JS-2024-T2036, JS-2025-T1456, JS-2025-T3462, JS-2026-T6898, JS-2026-T7162, JS-2026-T7314"
Edgar Degas,visual_artist,34,50,1.5,exact,"JS-0000-T1680, JS-0000-T2364, JS-0000-T2384, JS-0000-T2620, JS-0000-T2632, JS-0000-T2684, JS-0000-T2794, JS-0000-T3484, JS-0000-T5396, JS-1923-T1554, JS-1929-T560, JS-2011-T1612, JS-2016-T1202, JS-2016-T5750, JS-2016-T5778, JS-2019-T2318, JS-2019-T2382, JS-2019-T2424, JS-2021-T5844, JS-2022-T2898, JS-2022-T4654, JS-2023-T496, JS-2026-T6916, JS-2026-T7018, JS-2026-T7028, JS-2026-T7040, JS-2026-T7064, JS-2026-T7130, JS-2026-T7180, JS-2026-T7260, JS-2026-T7296, JS-2026-T7342, JS-2026-T7360, JS-2026-T7364"
Man Ray,visual_artist,33,117,3.5,multi_word,"JS-0000-T2632, JS-0000-T2794, JS-0000-T4410, JS-0000-T5380, JS-0000-T5858, JS-0000-T6316, JS-0000-T644, JS-0000-T6440, JS-1921-T2698, JS-1921-T2846, JS-1921-T698, JS-1921-T740, JS-2007-T4692, JS-2014-T5400, JS-2016-T5296, JS-2016-T5750, JS-2018-T888, JS-2019-T2382, JS-2019-T592, JS-2021-T4374, JS-2021-T6450, JS-2026-T6910, JS-2026-T6938, JS-2026-T6950, JS-2026-T7028, JS-2026-T7054, JS-2026-T7064, JS-2026-T7106, JS-2026-T7138, JS-2026-T7164, JS-2026-T7296, JS-2026-T7304, JS-2026-T7342"
Mark Rothko,visual_artist,33,49,1.5,exact,"JS-0000-T1718, JS-0000-T1986, JS-0000-T2350, JS-0000-T2384, JS-0000-T2684, JS-0000-T6404, JS-0000-T6552, JS-0000-T6844, JS-1922-T1360, JS-1947-T6094, JS-2007-T4692, JS-2014-T5400, JS-2016-T1202, JS-2016-T5750, JS-2019-T2382, JS-2019-T2424, JS-2020-T1176, JS-2021-T5844, JS-2022-T430, JS-2026-T6934, JS-2026-T7024, JS-2026-T7028, JS-2026-T7056, JS-2026-T7088, JS-2026-T7130, JS-2026-T7138, JS-2026-T7170, JS-2026-T7246, JS-2026-T7312, JS-2026-T7324, JS-2026-T7338, JS-2026-T7342, JS-2026-T7348"
This Magic Moment,song,33,37,1.1,exact,"JS-0000-T1096, JS-0000-T1392, JS-0000-T1440, JS-0000-T1670, JS-0000-T1690, JS-0000-T2012, JS-0000-T2672, JS-0000-T3578, JS-0000-T5022, JS-0000-T5312, JS-0000-T5544, JS-0000-T5840, JS-0000-T6262, JS-0000-T6320, JS-0000-T6756, JS-0000-T694, JS-2010-T6424, JS-2014-T3346, JS-2016-T155, JS-2016-T2970, JS-2017-T1654, JS-2017-T4592, JS-2017-T460, JS-2019-T103, JS-2021-T5514, JS-2021-T5904, JS-2022-T1608, JS-2022-T3528, JS-2023-T1005, JS-2023-T1444, JS-2024-T6330, JS-2026-T7336, JS-2028-T339"
Sesame Street,tv,32,39,1.2,exact,"JS-0000-T1096, JS-0000-T1130, JS-0000-T1392, JS-0000-T1756, JS-0000-T1834, JS-0000-T2010, JS-0000-T2306, JS-0000-T5482, JS-0000-T6308, JS-0000-T6768, JS-0000-T800, JS-1921-T5290, JS-1921-T6266, JS-1921-T696, JS-1923-T556, JS-1968-T892, JS-2014-T1032, JS-2016-T436, JS-2016-T6156, JS-2016-T6670, JS-2017-T6744, JS-2019-T103, JS-2020-T255, JS-2021-T5088, JS-2021-T5378, JS-2021-T5904, JS-2021-T6190, JS-2023-T3374, JS-2023-T6332, JS-2023-T6848, JS-2024-T4160, JS-2026-T7286"
Congo Free State,historical_event,31,40,1.3,exact,"JS-0000-T1392, JS-0000-T1798, JS-0000-T2384, JS-0000-T2892, JS-0000-T5344, JS-0000-T5658, JS-0000-T6404, JS-0000-T6732, JS-0000-T6842, JS-1922-T6582, JS-1927-T652, JS-1982-T5018, JS-2002-T1588, JS-2012-T4350, JS-2014-T2054, JS-2015-T6730, JS-2016-T4136, JS-2016-T6740, JS-2019-T4732, JS-2019-T6868, JS-2021-T1146, JS-2021-T1702, JS-2021-T5586, JS-2023-T3376, JS-2023-T3474, JS-2023-T6832, JS-2024-T1896, JS-2024-T3370, JS-2024-T3446, JS-2026-T6906, JS-2026-T7278"
Stevie Wonder,musician,31,38,1.2,exact,"JS-0000-T1288, JS-0000-T1550, JS-0000-T1664, JS-0000-T1670, JS-0000-T1690, JS-0000-T2674, JS-0000-T347, JS-0000-T3542, JS-0000-T3578, JS-0000-T4718, JS-0000-T5688, JS-0000-T5800, JS-0000-T6600, JS-0000-T6756, JS-1925-T4714, JS-1984-T6024, JS-2001-T1748, JS-2013-T2310, JS-2014-T5104, JS-2016-T155, JS-2019-T121, JS-2022-T1608, JS-2022-T6004, JS-2023-T1005, JS-2023-T1792, JS-2023-T3544, JS-2024-T167, JS-2024-T3532, JS-2026-T7030, JS-2026-T7090, JS-2026-T7142"
Chelsea Morning,song,31,34,1.1,exact,"JS-0000-T1590, JS-0000-T1670, JS-0000-T1916, JS-0000-T2694, JS-0000-T2878, JS-0000-T2944, JS-0000-T5192, JS-0000-T6138, JS-0000-T6196, JS-0000-T6476, JS-0000-T6524, JS-0000-T6600, JS-0000-T6650, JS-1921-T1636, JS-1921-T1762, JS-1921-T6286, JS-1984-T1452, JS-1984-T6024, JS-2016-T6156, JS-2017-T6810, JS-2021-T6488, JS-2022-T1608, JS-2023-T3420, JS-2023-T3466, JS-2023-T3538, JS-2023-T860, JS-2024-T3532, JS-2026-T7070, JS-2026-T7290, JS-2026-T7308, JS-2026-T7328"
Staten Island,other,31,33,1.1,exact,"JS-0000-T1690, JS-0000-T1798, JS-0000-T239, JS-0000-T2672, JS-0000-T3578, JS-0000-T5110, JS-0000-T5562, JS-0000-T5668, JS-0000-T5764, JS-0000-T5840, JS-0000-T6186, JS-0000-T6846, JS-0000-T7, JS-1927-T652, JS-2002-T6300, JS-2014-T5328, JS-2016-T2118, JS-2016-T6580, JS-2017-T1644, JS-2019-T4732, JS-2020-T1074, JS-2021-T5944, JS-2021-T730, JS-2022-T1608, JS-2022-T371, JS-2022-T987, JS-2023-T6518, JS-2023-T6856, JS-2025-T3462, JS-2026-T6892, JS-2026-T7162"
A Farewell to Arms,work,31,32,1.0,exact,"JS-0000-T1382, JS-0000-T1670, JS-0000-T2878, JS-0000-T321, JS-0000-T5938, JS-0000-T6106, JS-0000-T6360, JS-0000-T6404, JS-1921-T5674, JS-1923-T556, JS-1975-T6260, JS-1975-T6294, JS-1991-T6858, JS-2000-T5324, JS-2009-T159, JS-2015-T856, JS-2017-T1206, JS-2017-T1772, JS-2019-T1770, JS-2019-T558, JS-2020-T1272, JS-2021-T223, JS-2021-T682, JS-2021-T6836, JS-2022-T1608, JS-2022-T371, JS-2023-T195, JS-2023-T3466, JS-2024-T2098, JS-2024-T6616, JS-2026-T6914"
R. Crumb,visual_artist,30,87,2.9,exact,"JS-0000-T1442, JS-0000-T1532, JS-0000-T1750, JS-0000-T2012, JS-0000-T2388, JS-0000-T2632, JS-0000-T5344, JS-0000-T6434, JS-0000-T644, JS-0000-T808, JS-1921-T698, JS-1923-T654, JS-2012-T177, JS-2013-T2376, JS-2014-T5400, JS-2016-T1202, JS-2017-T5084, JS-2024-T1476, JS-2026-T6950, JS-2026-T7028, JS-2026-T7064, JS-2026-T7086, JS-2026-T7134, JS-2026-T7144, JS-2026-T7148, JS-2026-T7184, JS-2026-T7322, JS-2026-T7342, JS-2026-T7364, JS-2027-T283"
The Beatles,band,29,289,10.0,exact,"JS-0000-T1530, JS-0000-T179, JS-0000-T3556, JS-0000-T5800, JS-0000-T5862, JS-0000-T666, JS-1921-T1354, JS-1923-T2586, JS-1981-T4730, JS-2005-T4870, JS-2007-T3460, JS-2013-T868, JS-2016-T2396, JS-2019-T2318, JS-2020-T1176, JS-2021-T1982, JS-2023-T1418, JS-2023-T4750, JS-2024-T3408, JS-2026-T6888, JS-2026-T7056, JS-2026-T7066, JS-2026-T7116, JS-2026-T7154, JS-2026-T7164, JS-2026-T7184, JS-2026-T7244, JS-2026-T7290, JS-2026-T7342"
The Jimi Hendrix Experience,band,29,54,1.9,exact,"JS-0000-T1478, JS-0000-T2298, JS-0000-T245, JS-0000-T5544, JS-0000-T586, JS-0000-T6726, JS-0000-T880, JS-1922-T6582, JS-1977-T6272, JS-1986-T2972, JS-1991-T6470, JS-2001-T5670, JS-2004-T2032, JS-2013-T6248, JS-2017-T428, JS-2018-T886, JS-2020-T2920, JS-2021-T5880, JS-2021-T6788, JS-2023-T2946, JS-2023-T6658, JS-2024-T3360, JS-2026-T6936, JS-2026-T6958, JS-2026-T7142, JS-2026-T7146, JS-2026-T7326, JS-2026-T7368, JS-2026-T7374"
Otis Redding,musician,29,31,1.1,fuzzy,"JS-0000-T1400, JS-0000-T1526, JS-0000-T1796, JS-0000-T1988, JS-0000-T2892, JS-0000-T3394, JS-0000-T4148, JS-0000-T5840, JS-0000-T6432, JS-0000-T6772, JS-0000-T6860, JS-0000-T808, JS-1921-T5682, JS-1921-T6754, JS-1922-T2734, JS-1922-T6582, JS-1923-T6382, JS-1993-T3450, JS-2002-T1588, JS-2003-T3584, JS-2013-T6520, JS-2016-T1202, JS-2016-T2970, JS-2016-T6386, JS-2020-T5112, JS-2024-T3370, JS-2026-T6898, JS-2026-T7142, JS-2026-T7378"
The Waste Land,work,28,37,1.3,exact,"JS-0000-T3564, JS-0000-T4642, JS-0000-T6372, JS-0000-T746, JS-0000-T774, JS-0000-T814, JS-0000-T842, JS-1921-T696, JS-1922-T6582, JS-1975-T6294, JS-1981-T1738, JS-2004-T1618, JS-2015-T6730, JS-2016-T5282, JS-2019-T4732, JS-2020-T1302, JS-2021-T2776, JS-2021-T6264, JS-2023-T1744, JS-2023-T195, JS-2023-T3376, JS-2023-T5082, JS-2023-T6518, JS-2024-T6216, JS-2024-T6608, JS-2026-T7140, JS-2026-T7162, JS-2026-T7314"
Leonardo da Vinci,visual_artist,28,30,1.1,exact,"JS-0000-T1186, JS-0000-T2014, JS-0000-T205, JS-0000-T2632, JS-0000-T5702, JS-0000-T6116, JS-0000-T6138, JS-0000-T6262, JS-1922-T2332, JS-1922-T337, JS-2007-T4692, JS-2011-T1836, JS-2014-T5400, JS-2018-T2222, JS-2024-T2968, JS-2026-T6954, JS-2026-T6958, JS-2026-T7010, JS-2026-T7028, JS-2026-T7106, JS-2026-T7164, JS-2026-T7184, JS-2026-T7218, JS-2026-T7246, JS-2026-T7260, JS-2026-T7282, JS-2026-T7322, JS-2026-T7372"
The Who,band,27,32,1.2,multi_word,"JS-0000-T257, JS-0000-T343, JS-0000-T3564, JS-0000-T5380, JS-0000-T848, JS-2019-T2318, JS-2019-T3588, JS-2020-T1176, JS-2021-T1846, JS-2023-T1418, JS-2023-T2946, JS-2023-T3376, JS-2023-T6658, JS-2026-T6896, JS-2026-T6912, JS-2026-T7056, JS-2026-T7058, JS-2026-T7066, JS-2026-T7116, JS-2026-T7120, JS-2026-T7154, JS-2026-T7166, JS-2026-T7170, JS-2026-T7210, JS-2026-T7244, JS-2026-T7246, JS-2026-T7342"
Robert Rauschenberg,visual_artist,27,30,1.1,exact,"JS-0000-T2350, JS-0000-T5026, JS-0000-T782, JS-1922-T1360, JS-1922-T337, JS-1972-T2882, JS-2014-T5400, JS-2014-T6110, JS-2016-T5750, JS-2016-T5778, JS-2017-T598, JS-2020-T1176, JS-2026-T7024, JS-2026-T7028, JS-2026-T7056, JS-2026-T7088, JS-2026-T7090, JS-2026-T7094, JS-2026-T7130, JS-2026-T7156, JS-2026-T7192, JS-2026-T7218, JS-2026-T7262, JS-2026-T7302, JS-2026-T7312, JS-2026-T7338, JS-2026-T7342"
Hamlet,work,25,54,2.2,multi_word,"JS-0000-T5110, JS-0000-T586, JS-0000-T6106, JS-0000-T6218, JS-0000-T6404, JS-0000-T6756, JS-0000-T794, JS-0000-T796, JS-0000-T814, JS-1923-T556, JS-1975-T6260, JS-1975-T6294, JS-2000-T5324, JS-2013-T2310, JS-2019-T1770, JS-2019-T558, JS-2020-T1272, JS-2021-T2630, JS-2022-T806, JS-2023-T1792, JS-2023-T1818, JS-2023-T3380, JS-2023-T780, JS-2024-T2098, JS-2024-T6616"
Stations of the Cross,religious,23,45,2.0,multi_word,"JS-0000-T1394, JS-0000-T1756, JS-0000-T2944, JS-0000-T3496, JS-0000-T6440, JS-0000-T6674, JS-1921-T1698, JS-1927-T652, JS-1981-T267, JS-2002-T5660, JS-2013-T868, JS-2016-T2274, JS-2019-T1350, JS-2019-T1742, JS-2019-T6408, JS-2019-T6680, JS-2021-T4872, JS-2023-T3420, JS-2023-T572, JS-2026-T7052, JS-2026-T7350, JS-2026-T7376, JS-2027-T2020"
Marcel Duchamp,visual_artist,23,27,1.2,exact,"JS-0000-T1308, JS-0000-T1808, JS-0000-T2674, JS-0000-T4458, JS-0000-T5550, JS-0000-T6402, JS-2011-T1836, JS-2016-T5750, JS-2021-T991, JS-2026-T6958, JS-2026-T7018, JS-2026-T7028, JS-2026-T7034, JS-2026-T7078, JS-2026-T7164, JS-2026-T7192, JS-2026-T7242, JS-2026-T7244, JS-2026-T7260, JS-2026-T7344, JS-2026-T7346, JS-2026-T7360, JS-2026-T7372"
The End,song,23,23,1.0,multi_word,"JS-0000-T1288, JS-0000-T1670, JS-0000-T327, JS-0000-T3542, JS-0000-T3556, JS-0000-T3578, JS-0000-T5110, JS-0000-T814, JS-1921-T2698, JS-1921-T5290, JS-1965-T4352, JS-2002-T2668, JS-2002-T6870, JS-2012-T1338, JS-2021-T744, JS-2022-T1608, JS-2022-T3528, JS-2022-T6004, JS-2023-T1005, JS-2023-T3538, JS-2024-T3408, JS-2024-T3520, JS-2026-T7330"
The Stranger,work,23,23,1.0,fuzzy,"JS-0000-T1412, JS-0000-T1696, JS-0000-T2980, JS-0000-T4148, JS-0000-T4704, JS-0000-T6640, JS-1920-T6546, JS-1921-T1762, JS-1977-T6272, JS-2001-T5670, JS-2001-T6798, JS-2012-T153, JS-2016-T2584, JS-2016-T6212, JS-2016-T6598, JS-2017-T6446, JS-2018-T6354, JS-2020-T1806, JS-2020-T846, JS-2023-T2202, JS-2024-T6468, JS-2026-T6918, JS-2026-T6922"
Joan Miro,visual_artist,22,102,4.6,exact,"JS-0000-T1288, JS-0000-T1680, JS-0000-T2012, JS-0000-T5550, JS-0000-T6402, JS-1922-T337, JS-2011-T1836, JS-2016-T5750, JS-2019-T1328, JS-2019-T2318, JS-2019-T5406, JS-2021-T6040, JS-2022-T1934, JS-2026-T7108, JS-2026-T7130, JS-2026-T7180, JS-2026-T7200, JS-2026-T7244, JS-2026-T7260, JS-2026-T7262, JS-2026-T7322, JS-2026-T7360"
"Norman, Oklahoma",other,22,25,1.1,exact,"JS-0000-T1512, JS-0000-T1676, JS-0000-T6458, JS-0000-T842, JS-1927-T652, JS-2011-T6614, JS-2014-T5328, JS-2017-T6744, JS-2018-T4670, JS-2019-T6868, JS-2020-T1074, JS-2020-T6638, JS-2021-T5944, JS-2022-T3464, JS-2023-T3434, JS-2024-T1896, JS-2026-T7084, JS-2026-T7212, JS-2026-T7246, JS-2026-T7254, JS-2026-T7320, JS-2026-T7348"
Caravaggio,visual_artist,21,25,1.2,exact,"JS-0000-T2632, JS-0000-T2794, JS-0000-T3484, JS-0000-T3762, JS-0000-T6076, JS-0000-T6196, JS-0000-T6224, JS-0000-T6402, JS-1981-T4152, JS-2007-T4692, JS-2011-T1612, JS-2021-T4374, JS-2021-T5844, JS-2022-T2772, JS-2026-T7028, JS-2026-T7040, JS-2026-T7078, JS-2026-T7130, JS-2026-T7192, JS-2026-T7244, JS-2026-T7360"
High Noon,film,20,35,1.8,exact,"JS-0000-T1178, JS-0000-T1750, JS-0000-T245, JS-0000-T2722, JS-0000-T5398, JS-1991-T4996, JS-2011-T1836, JS-2012-T5646, JS-2020-T4884, JS-2021-T51, JS-2026-T7024, JS-2026-T7056, JS-2026-T7122, JS-2026-T7146, JS-2026-T7170, JS-2026-T7222, JS-2026-T7312, JS-2026-T7320, JS-2026-T7374, JS-2026-T7376"
Titian,visual_artist,20,25,1.2,exact,"JS-0000-T2632, JS-0000-T3484, JS-0000-T6196, JS-0000-T6210, JS-0000-T6402, JS-0000-T880, JS-2007-T4692, JS-2014-T5400, JS-2016-T5750, JS-2016-T5778, JS-2019-T2382, JS-2019-T592, JS-2021-T1280, JS-2022-T4654, JS-2023-T6068, JS-2026-T7008, JS-2026-T7028, JS-2026-T7058, JS-2026-T7084, JS-2026-T7130"
Edouard Manet,visual_artist,20,24,1.2,exact,"JS-0000-T1186, JS-0000-T2364, JS-0000-T2632, JS-0000-T2794, JS-0000-T3484, JS-1922-T2332, JS-2007-T4692, JS-2014-T966, JS-2019-T2382, JS-2019-T592, JS-2023-T3456, JS-2026-T7028, JS-2026-T7034, JS-2026-T7108, JS-2026-T7132, JS-2026-T7138, JS-2026-T7234, JS-2026-T7296, JS-2026-T7342, JS-2026-T7360"
"Memphis, Tennessee",other,19,36,1.9,exact,"JS-0000-T1604, JS-0000-T1646, JS-0000-T3564, JS-0000-T6674, JS-0000-T880, JS-1921-T698, JS-1925-T452, JS-1927-T652, JS-1994-T6534, JS-2001-T1746, JS-2014-T1880, JS-2014-T5328, JS-2016-T1658, JS-2018-T544, JS-2020-T1074, JS-2021-T730, JS-2023-T3500, JS-2023-T664, JS-2024-T3520"
Jackson Pollock,visual_artist,19,22,1.2,exact,"JS-0000-T2632, JS-0000-T6196, JS-0000-T6536, JS-0000-T782, JS-1947-T6094, JS-2016-T5778, JS-2019-T2424, JS-2021-T5844, JS-2022-T2898, JS-2026-T7028, JS-2026-T7054, JS-2026-T7056, JS-2026-T7084, JS-2026-T7182, JS-2026-T7200, JS-2026-T7296, JS-2026-T7342, JS-2026-T7360, JS-2027-T317"
Kublai Khan,historical_figure,19,20,1.1,exact,"JS-0000-T1412, JS-0000-T1494, JS-0000-T2896, JS-0000-T3542, JS-0000-T6338, JS-0000-T6458, JS-0000-T6500, JS-0000-T6592, JS-1921-T6394, JS-1921-T696, JS-1925-T452, JS-1929-T560, JS-2012-T4350, JS-2021-T2248, JS-2021-T700, JS-2022-T1472, JS-2022-T2660, JS-2024-T3532, JS-2026-T7214"
"Xenia, Ohio",other,19,19,1.0,exact,"JS-0000-T1382, JS-0000-T1512, JS-0000-T163, JS-0000-T2766, JS-0000-T5992, JS-0000-T6338, JS-1927-T652, JS-1983-T1466, JS-2012-T4350, JS-2014-T5328, JS-2016-T6686, JS-2018-T544, JS-2019-T2562, JS-2021-T2776, JS-2021-T5378, JS-2021-T700, JS-2021-T730, JS-2026-T7084, JS-2026-T7278"
War and Peace,work,18,21,1.2,exact,"JS-0000-T1130, JS-0000-T1560, JS-0000-T247, JS-0000-T5546, JS-0000-T5678, JS-0000-T6174, JS-0000-T6344, JS-2015-T1170, JS-2017-T4890, JS-2017-T6744, JS-2019-T2574, JS-2021-T2630, JS-2023-T496, JS-2024-T2086, JS-2026-T6894, JS-2026-T7008, JS-2026-T7272, JS-2026-T7312"
Keith Richards,musician,18,20,1.1,fuzzy,"JS-0000-T6218, JS-0000-T808, JS-1921-T2846, JS-1927-T652, JS-2013-T2550, JS-2017-T4980, JS-2017-T6744, JS-2019-T5216, JS-2019-T5250, JS-2021-T1498, JS-2021-T6796, JS-2022-T6390, JS-2024-T6800, JS-2026-T7108, JS-2026-T7190, JS-2026-T7220, JS-2026-T7334, JS-2026-T7342"
Paul Signac,visual_artist,18,18,1.0,exact,"JS-0000-T2384, JS-0000-T2632, JS-0000-T3484, JS-0000-T5786, JS-0000-T6196, JS-1922-T1360, JS-1922-T337, JS-2007-T4692, JS-2012-T4842, JS-2014-T5400, JS-2016-T5750, JS-2019-T2382, JS-2019-T2424, JS-2021-T4374, JS-2022-T4654, JS-2026-T7028, JS-2026-T7244, JS-2026-T7296"
Giotto,visual_artist,17,22,1.3,exact,"JS-0000-T2632, JS-0000-T2794, JS-0000-T5786, JS-2007-T4692, JS-2016-T5750, JS-2016-T5778, JS-2019-T1626, JS-2019-T2382, JS-2019-T2424, JS-2019-T5548, JS-2021-T5844, JS-2026-T7028, JS-2026-T7084, JS-2026-T7134, JS-2026-T7244, JS-2026-T7360, JS-2026-T7364"
Georges Seurat,visual_artist,17,17,1.0,exact,"JS-0000-T1680, JS-0000-T2632, JS-0000-T5786, JS-0000-T6196, JS-0000-T7483, JS-1921-T2682, JS-1983-T1466, JS-2007-T4692, JS-2016-T5778, JS-2019-T2382, JS-2019-T592, JS-2021-T5844, JS-2022-T4654, JS-2026-T7180, JS-2026-T7244, JS-2026-T7296, JS-2026-T7304"
Maurice Utrillo,visual_artist,17,17,1.0,exact,"JS-0000-T2632, JS-0000-T2794, JS-0000-T3484, JS-0000-T6196, JS-0000-T6402, JS-2007-T4692, JS-2008-T1274, JS-2014-T5400, JS-2016-T5778, JS-2019-T2382, JS-2019-T2424, JS-2021-T5844, JS-2024-T2036, JS-2026-T7028, JS-2026-T7040, JS-2026-T7130, JS-2026-T7342"
Elvis Presley,musician,16,29,1.8,exact,"JS-0000-T1796, JS-0000-T3564, JS-0000-T5786, JS-0000-T622, JS-0000-T6402, JS-1921-T2682, JS-1923-T1554, JS-1981-T4904, JS-1991-T1007, JS-2007-T3460, JS-2016-T5750, JS-2022-T2772, JS-2023-T3350, JS-2026-T7080, JS-2026-T7084, JS-2026-T7182"
Ted Kennedy,historical_figure,16,17,1.1,exact,"JS-0000-T2632, JS-0000-T2674, JS-0000-T5702, JS-0000-T6338, JS-0000-T6402, JS-0000-T6732, JS-1965-T4352, JS-1991-T6858, JS-2017-T2460, JS-2019-T5216, JS-2021-T4872, JS-2021-T5844, JS-2023-T3506, JS-2026-T7230, JS-2026-T7298, JS-2026-T7364"
American Museum of Natural History,venue,16,16,1.0,exact,"JS-0000-T1670, JS-0000-T1690, JS-0000-T3578, JS-0000-T6034, JS-0000-T6186, JS-0000-T6732, JS-0000-T6756, JS-0000-T6786, JS-1921-T171, JS-2003-T5820, JS-2014-T736, JS-2016-T155, JS-2017-T590, JS-2020-T1304, JS-2023-T1005, JS-2023-T3506"
Francis Picabia,visual_artist,16,16,1.0,exact,"JS-0000-T2364, JS-0000-T2632, JS-0000-T3974, JS-0000-T6086, JS-0000-T6196, JS-0000-T6402, JS-1922-T1360, JS-2019-T2318, JS-2021-T5844, JS-2023-T496, JS-2026-T7112, JS-2026-T7178, JS-2026-T7218, JS-2026-T7342, JS-2026-T7344, JS-2026-T7360"
Alberto Giacometti,visual_artist,16,16,1.0,exact,"JS-0000-T2632, JS-0000-T2794, JS-0000-T5396, JS-0000-T5550, JS-0000-T5786, JS-2007-T4692, JS-2016-T5778, JS-2019-T2382, JS-2019-T2424, JS-2021-T4374, JS-2021-T5844, JS-2026-T7028, JS-2026-T7084, JS-2026-T7180, JS-2026-T7296, JS-2026-T7360"
John Lennon,musician,15,29,1.9,exact,"JS-0000-T2684, JS-0000-T41, JS-1921-T2846, JS-2016-T2274, JS-2017-T4676, JS-2019-T5216, JS-2021-T4872, JS-2021-T51, JS-2023-T2080, JS-2023-T2974, JS-2023-T6418, JS-2026-T7190, JS-2026-T7244, JS-2026-T7296, JS-2026-T7364"
The blind leading the blind,religious,15,22,1.5,exact,"JS-0000-T1016, JS-0000-T1988, JS-0000-T2892, JS-0000-T331, JS-0000-T3344, JS-0000-T3352, JS-0000-T4148, JS-2016-T6758, JS-2021-T2718, JS-2021-T2750, JS-2021-T5602, JS-2024-T1414, JS-2024-T3482, JS-2026-T7190, JS-2028-T339"
Jack Kerouac,author,15,22,1.5,exact,"JS-0000-T2684, JS-0000-T3542, JS-0000-T3556, JS-0000-T6426, JS-0000-T764, JS-1923-T1554, JS-1994-T2710, JS-2012-T149, JS-2022-T2500, JS-2026-T7022, JS-2026-T7102, JS-2026-T7126, JS-2026-T7184, JS-2026-T7260, JS-2026-T7296"
Michelangelo,visual_artist,15,16,1.1,exact,"JS-0000-T1288, JS-0000-T1808, JS-0000-T1886, JS-0000-T261, JS-0000-T2632, JS-0000-T5550, JS-0000-T5702, JS-0000-T6262, JS-0000-T6786, JS-2019-T592, JS-2026-T7016, JS-2026-T7028, JS-2026-T7106, JS-2026-T7220, JS-2026-T7260"
Irwin Allen Ginsberg,historical_figure,15,16,1.1,exact,"JS-0000-T1988, JS-0000-T3556, JS-0000-T4748, JS-0000-T6402, JS-0000-T6426, JS-0000-T764, JS-0000-T782, JS-0000-T814, JS-1921-T2792, JS-1921-T6754, JS-1994-T2710, JS-2016-T2124, JS-2022-T2500, JS-2026-T6946, JS-2026-T7292"
F. Scott Fitzgerald,author,15,16,1.1,multi_word,"JS-0000-T2632, JS-0000-T2684, JS-0000-T3578, JS-0000-T6076, JS-0000-T814, JS-1921-T850, JS-1922-T2734, JS-2021-T1846, JS-2021-T5514, JS-2022-T3486, JS-2022-T987, JS-2023-T3474, JS-2023-T6856, JS-2024-T6800, JS-2026-T7314"
T.S. Eliot,author,15,15,1.0,exact,"JS-0000-T1392, JS-0000-T163, JS-0000-T2632, JS-0000-T4574, JS-0000-T6426, JS-0000-T814, JS-1921-T850, JS-2021-T4872, JS-2023-T5082, JS-2024-T3354, JS-2026-T7008, JS-2026-T7038, JS-2026-T7134, JS-2026-T7164, JS-2026-T7374"
Hieronymus Bosch,visual_artist,15,15,1.0,exact,"JS-0000-T2632, JS-0000-T2794, JS-0000-T6440, JS-0000-T782, JS-1991-T6070, JS-2016-T5778, JS-2016-T804, JS-2017-T1654, JS-2019-T2424, JS-2021-T4374, JS-2026-T6954, JS-2026-T7098, JS-2026-T7130, JS-2026-T7342, JS-2026-T7360"
Winslow Homer,visual_artist,15,15,1.0,disambiguated,"JS-0000-T2632, JS-0000-T2794, JS-0000-T6196, JS-1922-T2332, JS-2007-T4692, JS-2016-T1202, JS-2016-T5750, JS-2016-T5778, JS-2019-T2382, JS-2019-T2424, JS-2026-T7028, JS-2026-T7034, JS-2026-T7296, JS-2026-T7360, JS-2026-T7364"
The Wizard of Oz,film,14,17,1.2,exact,"JS-0000-T1512, JS-0000-T2384, JS-0000-T3394, JS-0000-T345, JS-1927-T652, JS-2014-T5328, JS-2018-T544, JS-2020-T1074, JS-2021-T730, JS-2023-T3350, JS-2024-T2194, JS-2026-T6890, JS-2026-T7176, JS-2026-T7322"
Piet Mondrian,visual_artist,14,17,1.2,exact,"JS-0000-T1676, JS-0000-T2632, JS-0000-T3610, JS-1947-T6094, JS-2007-T4692, JS-2016-T5750, JS-2016-T6236, JS-2018-T2222, JS-2019-T592, JS-2021-T4374, JS-2026-T7024, JS-2026-T7116, JS-2026-T7170, JS-2026-T7260"
Michael Jackson,musician,14,16,1.1,exact,"JS-0000-T1972, JS-0000-T2674, JS-0000-T782, JS-0000-T880, JS-2018-T2222, JS-2021-T730, JS-2023-T3506, JS-2023-T6418, JS-2023-T780, JS-2026-T7182, JS-2026-T7230, JS-2026-T7276, JS-2026-T7364, JS-2027-T317"
Samuel Taylor Coleridge,author,14,14,1.0,multi_word,"JS-0000-T1392, JS-0000-T1412, JS-0000-T1494, JS-0000-T163, JS-0000-T6338, JS-1921-T696, JS-1925-T452, JS-1929-T560, JS-1994-T6534, JS-2012-T4350, JS-2021-T2248, JS-2021-T6836, JS-2022-T1472, JS-2026-T7214"
Heart of Darkness,work,13,33,2.5,exact,"JS-0000-T1400, JS-0000-T325, JS-0000-T5280, JS-0000-T6376, JS-1983-T1466, JS-2012-T1338, JS-2014-T5998, JS-2016-T5614, JS-2024-T2226, JS-2024-T3354, JS-2026-T7132, JS-2026-T7254, JS-2027-T2020"
Robert Johnson,musician,13,28,2.2,multi_word,"JS-0000-T1532, JS-0000-T1972, JS-0000-T3496, JS-0000-T6308, JS-0000-T6636, JS-0000-T6674, JS-1921-T850, JS-2012-T6764, JS-2013-T5070, JS-2019-T6680, JS-2026-T7068, JS-2026-T7284, JS-2026-T7350"
Jean Arp,visual_artist,13,19,1.5,exact,"JS-0000-T1680, JS-0000-T2652, JS-0000-T782, JS-1921-T2846, JS-2014-T1104, JS-2016-T5778, JS-2017-T5510, JS-2019-T1328, JS-2021-T6040, JS-2022-T2708, JS-2026-T6934, JS-2026-T7130, JS-2026-T7364"
The Great Gatsby,work,13,15,1.2,exact,"JS-0000-T1670, JS-0000-T2878, JS-0000-T6076, JS-0000-T814, JS-1922-T2734, JS-2018-T1776, JS-2018-T4670, JS-2022-T1608, JS-2022-T3528, JS-2022-T987, JS-2023-T3466, JS-2024-T6800, JS-2026-T7244"
University of Alabama,other,13,14,1.1,exact,"JS-0000-T1150, JS-0000-T1512, JS-0000-T622, JS-0000-T6404, JS-0000-T6828, JS-1927-T652, JS-2002-T5692, JS-2014-T5328, JS-2016-T2118, JS-2017-T4580, JS-2020-T1074, JS-2021-T5944, JS-2021-T730"
Ezra Pound,author,13,14,1.1,exact,"JS-0000-T1204, JS-0000-T2632, JS-0000-T2826, JS-0000-T6426, JS-0000-T814, JS-1921-T1114, JS-1921-T2792, JS-1922-T2696, JS-2019-T1742, JS-2021-T4872, JS-2023-T2202, JS-2026-T7008, JS-2026-T7164"
Northern California,other,13,13,1.0,exact,"JS-0000-T1512, JS-1927-T652, JS-1971-T5422, JS-2014-T5328, JS-2017-T4580, JS-2020-T1074, JS-2021-T1702, JS-2021-T2776, JS-2021-T5624, JS-2021-T5944, JS-2023-T3376, JS-2026-T7288, JS-2026-T7320"
Larry David,historical_figure,13,13,1.0,exact,"JS-0000-T2116, JS-0000-T221, JS-0000-T2388, JS-0000-T247, JS-0000-T5396, JS-0000-T6338, JS-0000-T6734, JS-1981-T1738, JS-1981-T4152, JS-2019-T2318, JS-2019-T5308, JS-2024-T167, JS-2026-T7028"
Chuck Berry,musician,12,28,2.3,multi_word,"JS-0000-T1532, JS-0000-T2116, JS-0000-T2694, JS-0000-T6402, JS-1921-T2846, JS-1923-T1528, JS-1927-T652, JS-1981-T2816, JS-2022-T2772, JS-2023-T3376, JS-2026-T7154, JS-2026-T7220"
Fontella Bass,musician,12,14,1.2,exact,"JS-0000-T1400, JS-1927-T652, JS-1965-T4352, JS-2006-T5994, JS-2014-T5494, JS-2016-T2396, JS-2019-T1650, JS-2021-T1498, JS-2022-T2740, JS-2026-T6890, JS-2026-T7202, JS-2026-T7368"
The Ghost in the Machine,other,12,14,1.2,exact,"JS-0000-T2892, JS-0000-T5616, JS-0000-T6404, JS-1981-T5146, JS-2015-T6730, JS-2020-T1302, JS-2021-T1146, JS-2021-T1846, JS-2021-T6304, JS-2023-T6134, JS-2026-T7136, JS-2026-T7248"
Fear and Loathing in Las Vegas,work,12,13,1.1,exact,"JS-0000-T1140, JS-0000-T257, JS-0000-T3422, JS-0000-T4918, JS-0000-T808, JS-1922-T2734, JS-1974-T5174, JS-2014-T5392, JS-2016-T4978, JS-2016-T6598, JS-2019-T5448, JS-2023-T3474"
I'm Not Like Everybody Else,song,12,13,1.1,exact,"JS-0000-T2572, JS-0000-T357, JS-0000-T6538, JS-1921-T5682, JS-1965-T4352, JS-1975-T6312, JS-2003-T3584, JS-2016-T1134, JS-2019-T121, JS-2023-T6288, JS-2026-T6922, JS-2026-T7142"
"Normal, Illinois",other,12,12,1.0,exact,"JS-0000-T1512, JS-0000-T1620, JS-0000-T1696, JS-1927-T652, JS-2014-T5328, JS-2016-T1898, JS-2017-T4580, JS-2018-T544, JS-2020-T1074, JS-2021-T2776, JS-2021-T6736, JS-2023-T187"
Tintoretto,visual_artist,12,12,1.0,exact,"JS-0000-T2632, JS-0000-T6196, JS-2007-T4692, JS-2011-T1612, JS-2016-T5778, JS-2019-T2382, JS-2019-T2424, JS-2021-T4374, JS-2021-T5844, JS-2023-T3350, JS-2026-T7028, JS-2026-T7262"
Stream of consciousness,other,11,48,4.4,exact,"JS-0000-T2046, JS-0000-T5358, JS-2019-T1396, JS-2021-T2812, JS-2021-T700, JS-2022-T1198, JS-2022-T2250, JS-2022-T279, JS-2023-T572, JS-2026-T7176, JS-2026-T7252"
Franz Kafka,author,11,32,2.9,exact,"JS-0000-T1774, JS-0000-T784, JS-1982-T6456, JS-2019-T1200, JS-2019-T6146, JS-2021-T5370, JS-2026-T7012, JS-2026-T7058, JS-2026-T7138, JS-2026-T7150, JS-2026-T7344"
Ernest Hemingway,author,11,23,2.1,exact,"JS-0000-T1204, JS-0000-T2116, JS-0000-T2632, JS-0000-T2684, JS-0000-T814, JS-2014-T5732, JS-2016-T2970, JS-2024-T1634, JS-2026-T6918, JS-2026-T7022, JS-2026-T7218"
The Road,work,11,15,1.4,multi_word,"JS-0000-T169, JS-0000-T1778, JS-0000-T6630, JS-1921-T5290, JS-1921-T5320, JS-1997-T1196, JS-2016-T5570, JS-2016-T5962, JS-2018-T365, JS-2021-T5798, JS-2023-T6482"
Cookie Monster,fictional_character,11,14,1.3,exact,"JS-0000-T2188, JS-0000-T3378, JS-0000-T6320, JS-0000-T6404, JS-1983-T1810, JS-2014-T5998, JS-2017-T6446, JS-2021-T5602, JS-2026-T6946, JS-2026-T7176, JS-2026-T7312"
John Coltrane,musician,11,14,1.3,exact,"JS-1921-T5290, JS-1951-T6696, JS-2026-T6890, JS-2026-T7024, JS-2026-T7032, JS-2026-T7080, JS-2026-T7112, JS-2026-T7276, JS-2026-T7306, JS-2026-T7316, JS-2026-T7344"
The Second Coming,work,11,13,1.2,exact,"JS-0000-T6640, JS-2007-T3414, JS-2011-T127, JS-2017-T6314, JS-2019-T2240, JS-2019-T4446, JS-2023-T61, JS-2023-T6482, JS-2026-T7014, JS-2026-T7200, JS-2026-T7286"
We Shall Not Be Moved,song,11,12,1.1,exact,"JS-0000-T4240, JS-1921-T2068, JS-1947-T6094, JS-2014-T5392, JS-2016-T1898, JS-2019-T1742, JS-2021-T2776, JS-2023-T3426, JS-2023-T6830, JS-2024-T1896, JS-2026-T7278"
Richard Serra,visual_artist,11,11,1.0,exact,"JS-0000-T1288, JS-0000-T1986, JS-0000-T5772, JS-0000-T6196, JS-0000-T782, JS-2016-T2112, JS-2016-T5750, JS-2026-T7028, JS-2026-T7098, JS-2026-T7158, JS-2026-T7342"
Jimmy Page,musician,11,11,1.0,exact,"JS-0000-T141, JS-0000-T2284, JS-0000-T6148, JS-0000-T6786, JS-0000-T962, JS-2016-T5718, JS-2018-T5266, JS-2019-T5216, JS-2021-T2308, JS-2023-T3456, JS-2023-T3886"
Staten Island Ferry,other,11,11,1.0,exact,"JS-0000-T1646, JS-0000-T1690, JS-0000-T2672, JS-0000-T3578, JS-0000-T5562, JS-0000-T5668, JS-0000-T5840, JS-1977-T5342, JS-2022-T1608, JS-2023-T6856, JS-2026-T6892"
Jane Taylor,author,11,11,1.0,exact,"JS-0000-T3546, JS-0000-T3762, JS-0000-T5380, JS-0000-T782, JS-2022-T2858, JS-2024-T2098, JS-2026-T6572, JS-2026-T6914, JS-2026-T7024, JS-2026-T7276, JS-2026-T7364"
Mississippi River flood,historical_event,10,14,1.4,multi_word,"JS-0000-T3342, JS-0000-T6338, JS-0000-T6476, JS-0000-T862, JS-2010-T5908, JS-2014-T5104, JS-2019-T2390, JS-2020-T2440, JS-2021-T5088, JS-2026-T7014"
Marlon Brando,other,10,13,1.3,exact,"JS-0000-T2116, JS-0000-T2364, JS-0000-T2794, JS-0000-T5616, JS-1921-T6394, JS-1921-T6668, JS-2016-T2118, JS-2019-T1200, JS-2026-T7130, JS-2026-T7364"
Fenway Park,venue,10,10,1.0,exact,"JS-0000-T1016, JS-0000-T1110, JS-1984-T6024, JS-2013-T4776, JS-2019-T2574, JS-2019-T4446, JS-2022-T6678, JS-2023-T1538, JS-2023-T3440, JS-2026-T6892"
Gloucester,other,10,10,1.0,exact,"JS-0000-T1288, JS-0000-T2490, JS-0000-T3342, JS-2003-T1576, JS-2014-T5316, JS-2014-T5494, JS-2021-T2890, JS-2021-T5876, JS-2023-T1486, JS-2023-T1570"
The Road Not Taken,work,10,10,1.0,exact,"JS-0000-T1382, JS-0000-T1774, JS-0000-T197, JS-0000-T6704, JS-2009-T5780, JS-2013-T4776, JS-2019-T2474, JS-2022-T806, JS-2024-T1434, JS-2026-T6904"
British Empire,historical_event,10,10,1.0,exact,"JS-0000-T1710, JS-0000-T1808, JS-0000-T2652, JS-1921-T6192, JS-2013-T2192, JS-2016-T6758, JS-2023-T1792, JS-2026-T6898, JS-2026-T6922, JS-2026-T6936"
Fun with Dick and Jane,work,10,10,1.0,exact,"JS-0000-T1986, JS-0000-T3366, JS-0000-T6552, JS-0000-T6864, JS-0000-T910, JS-1923-T1528, JS-2019-T5406, JS-2019-T5554, JS-2023-T3374, JS-2026-T7296"
Paul Cezanne,visual_artist,10,10,1.0,exact,"JS-0000-T2632, JS-0000-T3484, JS-0000-T6402, JS-2007-T4692, JS-2016-T5750, JS-2019-T2382, JS-2019-T2424, JS-2019-T592, JS-2021-T4374, JS-2026-T7028"
J.D. Salinger,author,9,27,3.0,exact,"JS-0000-T2672, JS-0000-T2684, JS-0000-T814, JS-2026-T7008, JS-2026-T7056, JS-2026-T7244, JS-2026-T7298, JS-2026-T7322, JS-2026-T7370"
Ishmael,fictional_character,9,17,1.9,exact,"JS-0000-T205, JS-0000-T2464, JS-1981-T4618, JS-1982-T2422, JS-2016-T4586, JS-2017-T2414, JS-2021-T2308, JS-2022-T4668, JS-2023-T1418"
Existentialism,other,9,10,1.1,exact,"JS-0000-T137, JS-0000-T1512, JS-0000-T6524, JS-1921-T1782, JS-1921-T6840, JS-2019-T2348, JS-2023-T6658, JS-2024-T3360, JS-2026-T6926"
Daisy Buchanan,fictional_character,9,10,1.1,exact,"JS-0000-T1670, JS-0000-T2674, JS-0000-T3542, JS-0000-T3578, JS-2017-T1644, JS-2022-T1608, JS-2022-T3528, JS-2023-T1005, JS-2026-T7230"
Lost Highway,film,9,10,1.1,exact,"JS-0000-T2170, JS-0000-T3724, JS-0000-T6016, JS-0000-T6458, JS-1974-T5174, JS-2016-T5614, JS-2019-T6350, JS-2021-T6808, JS-2026-T7190"
"Lowell, Massachusetts",other,9,9,1.0,exact,"JS-0000-T1512, JS-0000-T3342, JS-0000-T622, JS-1927-T652, JS-2014-T5328, JS-2017-T4580, JS-2020-T1074, JS-2021-T730, JS-2023-T6832"
Robert Smithson,visual_artist,9,9,1.0,exact,"JS-0000-T2632, JS-0000-T343, JS-0000-T6196, JS-0000-T782, JS-2016-T5778, JS-2019-T2424, JS-2019-T5216, JS-2021-T4374, JS-2023-T187"
Charlie Parker,musician,9,9,1.0,exact,"JS-0000-T6432, JS-1921-T5290, JS-1922-T1360, JS-1957-T792, JS-2023-T724, JS-2026-T6890, JS-2026-T6894, JS-2026-T7024, JS-2026-T7276"
The Hollow Men,work,9,9,1.0,multi_word,"JS-0000-T6878, JS-1925-T452, JS-2011-T6614, JS-2021-T6406, JS-2022-T1472, JS-2023-T3430, JS-2023-T5082, JS-2026-T7190, JS-2026-T7214"
Ludwig van Beethoven,musician,8,135,16.9,exact,"JS-0000-T2632, JS-1921-T2846, JS-2019-T2454, JS-2019-T2536, JS-2021-T3912, JS-2022-T2752, JS-2026-T7154, JS-2026-T7328"
James Brown,musician,8,80,10.0,multi_word,"JS-0000-T1646, JS-0000-T2880, JS-0000-T6532, JS-0000-T880, JS-1957-T792, JS-1972-T6578, JS-2020-T1302, JS-2026-T7220"
Pequod,fictional_character,8,74,9.2,exact,"JS-0000-T2302, JS-0000-T2412, JS-1981-T4618, JS-2019-T2300, JS-2019-T2562, JS-2019-T2580, JS-2019-T4732, JS-2022-T4668"
Johann Sebastian Bach,musician,8,20,2.5,exact,"JS-0000-T2110, JS-0000-T2632, JS-1921-T2846, JS-2013-T1094, JS-2013-T868, JS-2016-T5750, JS-2026-T7142, JS-2026-T7154"
Gravity's Rainbow,work,8,20,2.5,exact,"JS-0000-T995, JS-1927-T652, JS-1982-T1464, JS-2021-T2340, JS-2021-T670, JS-2021-T6782, JS-2024-T3520, JS-2026-T7244"
Sea Fever,work,8,15,1.9,exact,"JS-0000-T2572, JS-0000-T347, JS-0000-T5280, JS-0000-T5992, JS-0000-T6316, JS-2016-T2286, JS-2021-T6304, JS-2026-T6896"
Detroit Red Wings,sports,8,14,1.8,exact,"JS-0000-T2404, JS-0000-T4458, JS-0000-T4748, JS-0000-T6752, JS-2014-T5104, JS-2016-T6386, JS-2024-T2098, JS-2026-T6950"
Spontaneous generation,other,8,9,1.1,exact,"JS-0000-T1988, JS-0000-T4748, JS-0000-T808, JS-1923-T490, JS-2021-T6736, JS-2022-T371, JS-2024-T1414, JS-2026-T7264"
Christo,visual_artist,8,9,1.1,exact,"JS-0000-T2632, JS-0000-T2794, JS-1921-T2846, JS-2022-T2898, JS-2022-T4654, JS-2023-T1536, JS-2026-T7244, JS-2026-T7342"
The Man in the Gray Flannel Suit,work,8,8,1.0,exact,"JS-0000-T1394, JS-0000-T6538, JS-2016-T6236, JS-2016-T6862, JS-2022-T1752, JS-2023-T750, JS-2025-T3462, JS-2026-T7032"
Central African Republic,other,8,8,1.0,exact,"JS-0000-T1670, JS-0000-T2834, JS-0000-T3542, JS-0000-T3578, JS-2022-T1608, JS-2023-T1005, JS-2023-T3456, JS-2023-T3538"
Allen Ginsberg,author,8,8,1.0,multi_word,"JS-0000-T1988, JS-0000-T6402, JS-0000-T764, JS-0000-T814, JS-0000-T862, JS-1921-T6754, JS-2024-T3370, JS-2026-T7292"
Sandro Botticelli,visual_artist,8,8,1.0,exact,"JS-0000-T2632, JS-0000-T2794, JS-0000-T6196, JS-1981-T5146, JS-2016-T5778, JS-2026-T7180, JS-2026-T7342, JS-2026-T7360"
Not Ideas About the Thing But the Thing Itself,work,8,8,1.0,exact,"JS-0000-T4864, JS-0000-T6218, JS-0000-T6372, JS-2019-T558, JS-2021-T4992, JS-2024-T6800, JS-2026-T6936, JS-2026-T7154"
Last Exit to Brooklyn,work,8,8,1.0,exact,"JS-0000-T5688, JS-1921-T1762, JS-1921-T2846, JS-1957-T792, JS-2016-T6758, JS-2022-T6004, JS-2023-T3420, JS-2026-T7064"
Ad Reinhardt,visual_artist,8,8,1.0,exact,"JS-0000-T5832, JS-0000-T6196, JS-0000-T782, JS-1947-T6094, JS-2016-T5416, JS-2020-T5112, JS-2021-T1280, JS-2026-T7360"
Cold Sweat,song,8,8,1.0,exact,"JS-2015-T856, JS-2017-T1206, JS-2017-T4592, JS-2019-T1770, JS-2022-T2772, JS-2023-T812, JS-2026-T7286, JS-2028-T339"
Kilgore Trout,fictional_character,7,32,4.6,exact,"JS-0000-T2878, JS-0000-T2914, JS-1927-T652, JS-2021-T2724, JS-2022-T2740, JS-2026-T7168, JS-2026-T7364"
Ezekiel's Wheel,religious,7,31,4.4,exact,"JS-0000-T1186, JS-0000-T1210, JS-2016-T1490, JS-2021-T2308, JS-2021-T4696, JS-2023-T1005, JS-2023-T3466"
Television,work,7,13,1.9,exact,"JS-0000-T1544, JS-0000-T247, JS-0000-T446, JS-0000-T6358, JS-1920-T6546, JS-2016-T442, JS-2026-T7260"
Allegory of the Cave,work,7,9,1.3,exact,"JS-0000-T327, JS-0000-T347, JS-0000-T4718, JS-0000-T6498, JS-2011-T85, JS-2012-T153, JS-2019-T4106"
"Mexico, Missouri",other,7,8,1.1,exact,"JS-0000-T4748, JS-0000-T622, JS-1927-T652, JS-2016-T1898, JS-2020-T1074, JS-2021-T5944, JS-2024-T3590"
Frank Lloyd Wright,historical_figure,7,7,1.0,exact,"JS-0000-T1128, JS-0000-T5992, JS-1921-T2682, JS-2001-T6712, JS-2012-T5686, JS-2023-T187, JS-2026-T7238"
Carson City Correctional Facility,other,7,7,1.0,multi_word,"JS-0000-T1140, JS-0000-T5658, JS-0000-T5688, JS-1974-T5174, JS-1983-T1810, JS-2014-T5078, JS-2026-T7254"
Claude Monet,visual_artist,7,7,1.0,exact,"JS-0000-T205, JS-0000-T2632, JS-2016-T5750, JS-2019-T592, JS-2026-T7164, JS-2026-T7266, JS-2026-T7360"
Tea Party movement,historical_event,7,7,1.0,fuzzy,"JS-1921-T6266, JS-1981-T1728, JS-2016-T6240, JS-2017-T6810, JS-2020-T5112, JS-2021-T5048, JS-2026-T6942"
Kurt Schwitters,visual_artist,7,7,1.0,exact,"JS-2016-T5750, JS-2017-T5510, JS-2019-T2424, JS-2026-T7134, JS-2026-T7158, JS-2026-T7184, JS-2026-T7260"
Roy Orbison,musician,6,75,12.5,exact,"JS-0000-T1824, JS-0000-T3988, JS-0000-T5840, JS-0000-T6428, JS-2022-T2772, JS-2026-T7008"
Charles Mingus,musician,6,23,3.8,exact,"JS-0000-T666, JS-0000-T7431, JS-2026-T6952, JS-2026-T7112, JS-2026-T7276, JS-2026-T7316"
James Joyce,author,6,15,2.5,multi_word,"JS-0000-T1204, JS-0000-T1440, JS-0000-T1526, JS-0000-T694, JS-2023-T1792, JS-2023-T780"
Howlin' Wolf,musician,6,9,1.5,multi_word,"JS-0000-T2014, JS-0000-T6674, JS-1921-T698, JS-2026-T6944, JS-2026-T7248, JS-2026-T7316"
On the Road,work,6,8,1.3,multi_word,"JS-0000-T169, JS-1921-T5320, JS-1997-T1196, JS-2016-T5570, JS-2016-T5962, JS-2023-T6482"
Van Morrison,musician,6,7,1.2,multi_word,"JS-0000-T2116, JS-0000-T2204, JS-1921-T4636, JS-2018-T544, JS-2024-T1414, JS-2026-T7376"
Anaconda Copper Company,other,6,7,1.2,exact,"JS-0000-T796, JS-1923-T490, JS-2011-T85, JS-2017-T4890, JS-2021-T6304, JS-2021-T6808"
Taxi Driver,film,6,6,1.0,exact,"JS-0000-T1128, JS-1921-T171, JS-1927-T652, JS-1947-T6094, JS-1981-T5638, JS-2018-T5086"
Kubla Khan,work,6,6,1.0,multi_word,"JS-0000-T1412, JS-0000-T6500, JS-1921-T696, JS-1925-T452, JS-2012-T4350, JS-2024-T3532"
Cat on a Hot Tin Roof,work,6,6,1.0,exact,"JS-0000-T2010, JS-0000-T5398, JS-2016-T2112, JS-2019-T6350, JS-2023-T946, JS-2024-T6132"
Pierre-Auguste Renoir,visual_artist,6,6,1.0,exact,"JS-0000-T2014, JS-0000-T6196, JS-2014-T5400, JS-2016-T5778, JS-2019-T2382, JS-2026-T7010"
Mick Jagger,musician,6,6,1.0,exact,"JS-0000-T2684, JS-0000-T5380, JS-1921-T2846, JS-2019-T5216, JS-2026-T6898, JS-2026-T7364"
Mark Twain,author,6,6,1.0,multi_word,"JS-0000-T4694, JS-2007-T275, JS-2016-T432, JS-2024-T3590, JS-2026-T7344, JS-2030-T5040"
Miles Davis,musician,6,6,1.0,disambiguated,"JS-1921-T5290, JS-1951-T6696, JS-2026-T7024, JS-2026-T7150, JS-2026-T7276, JS-2026-T7316"
Richard Nixon,historical_figure,6,6,1.0,exact,"JS-1965-T4352, JS-2026-T6892, JS-2026-T7192, JS-2026-T7230, JS-2026-T7260, JS-2026-T7364"
San Quentin State Prison,venue,6,6,1.0,exact,"JS-1983-T1810, JS-2018-T365, JS-2019-T1312, JS-2021-T5904, JS-2022-T6004, JS-2023-T780"
Charles Bukowski,author,5,40,8.0,exact,"JS-0000-T221, JS-2017-T5286, JS-2018-T5086, JS-2019-T2174, JS-2023-T5258"
Joseph Conrad,author,5,17,3.4,multi_word,"JS-0000-T325, JS-2016-T5614, JS-2023-T1920, JS-2024-T3354, JS-2024-T3452"
Stanley Kubrick,other,5,9,1.8,fuzzy,"JS-1923-T1554, JS-2026-T7060, JS-2026-T7130, JS-2026-T7266, JS-2026-T7344"
Minotaur,other,5,9,1.8,exact,"JS-2021-T5370, JS-2026-T7036, JS-2026-T7182, JS-2026-T7244, JS-2027-T317"
William Faulkner,author,5,7,1.4,exact,"JS-0000-T2684, JS-1922-T337, JS-2013-T2550, JS-2026-T7052, JS-2026-T7056"
Zeno's paradox,other,5,6,1.2,exact,"JS-0000-T5688, JS-0000-T776, JS-1977-T5342, JS-2011-T1612, JS-2016-T6188"
TD Garden,venue,5,5,1.0,multi_word,"JS-0000-T1128, JS-1927-T652, JS-1974-T1892, JS-2018-T365, JS-2023-T3380"
The Emperor's New Clothes,work,5,5,1.0,exact,"JS-0000-T1298, JS-1921-T5900, JS-2019-T1312, JS-2019-T4732, JS-2024-T3408"
Before the Law,work,5,5,1.0,exact,"JS-0000-T1530, JS-0000-T1696, JS-0000-T2204, JS-1921-T738, JS-2023-T3376"
Harry Dean Stanton,other,5,5,1.0,exact,"JS-0000-T1622, JS-2017-T6484, JS-2026-T7190, JS-2026-T7344, JS-2026-T7364"
Lucky,fictional_character,5,5,1.0,exact,"JS-0000-T1664, JS-0000-T6860, JS-1984-T1452, JS-2012-T153, JS-2021-T6728"
For What It's Worth,song,5,5,1.0,exact,"JS-0000-T1672, JS-1993-T3450, JS-2007-T275, JS-2021-T1280, JS-2023-T1500"
Virgin birth,religious,5,5,1.0,exact,"JS-0000-T1710, JS-0000-T6338, JS-2022-T1752, JS-2024-T3384, JS-2026-T7106"
Vietnam War,historical_event,5,5,1.0,exact,"JS-0000-T205, JS-0000-T2824, JS-0000-T347, JS-0000-T4832, JS-2022-T987"
Neil Young,musician,5,5,1.0,multi_word,"JS-0000-T2116, JS-2016-T5750, JS-2026-T7010, JS-2026-T7126, JS-2026-T7322"
Death of a Salesman,work,5,5,1.0,exact,"JS-0000-T2464, JS-2018-T251, JS-2019-T121, JS-2021-T6736, JS-2021-T730"
Roy Lichtenstein,visual_artist,5,5,1.0,exact,"JS-0000-T2632, JS-0000-T2834, JS-0000-T622, JS-2016-T804, JS-2026-T7342"
Pete Townshend,musician,5,5,1.0,fuzzy,"JS-0000-T2684, JS-0000-T3796, JS-1921-T2846, JS-2019-T5216, JS-2026-T7194"
Kentucky Derby,sports,5,5,1.0,multi_word,"JS-0000-T3422, JS-1921-T6266, JS-2014-T5998, JS-2021-T6264, JS-2021-T6304"
Olympic Games,sports,5,5,1.0,exact,"JS-0000-T6218, JS-0000-T6682, JS-0000-T67, JS-2020-T355, JS-2026-T7204"
Amedeo Modigliani,visual_artist,5,5,1.0,exact,"JS-0000-T782, JS-2007-T4692, JS-2019-T592, JS-2021-T4374, JS-2026-T7098"
Gertrude Stein,author,5,5,1.0,exact,"JS-1923-T654, JS-2023-T61, JS-2024-T6850, JS-2026-T7084, JS-2026-T7226"
Dylan Thomas,author,5,5,1.0,exact,"JS-1981-T4904, JS-2019-T1322, JS-2019-T1362, JS-2024-T167, JS-2026-T7184"
Dead Souls,work,5,5,1.0,exact,"JS-2016-T5962, JS-2020-T1302, JS-2021-T5904, JS-2026-T6948, JS-2026-T7364"
Aeschylus,author,5,5,1.0,exact,"JS-2021-T1280, JS-2022-T2510, JS-2023-T3456, JS-2026-T7112, JS-2027-T2838"
Lou Reed,musician,4,21,5.2,multi_word,"JS-2019-T2318, JS-2022-T1198, JS-2026-T7154, JS-2026-T7300"
Sun Ra,musician,4,8,2.0,multi_word,"JS-1921-T698, JS-2021-T5880, JS-2026-T7024, JS-2026-T7276"
William S. Burroughs,author,4,6,1.5,exact,"JS-0000-T2684, JS-2021-T6736, JS-2026-T7248, JS-2026-T7298"
New Orleans,other,4,5,1.2,multi_word,"JS-0000-T1916, JS-0000-T6340, JS-2021-T5672, JS-2022-T2662"
Igor Stravinsky,musician,4,5,1.2,exact,"JS-0000-T2632, JS-1921-T2846, JS-2021-T2718, JS-2026-T7260"
Marilyn Monroe,historical_figure,4,5,1.2,exact,"JS-0000-T2674, JS-0000-T6402, JS-2023-T3506, JS-2026-T7230"
Emily Dickinson,author,4,4,1.0,exact,"JS-0000-T1392, JS-0000-T814, JS-1947-T2502, JS-2021-T1492"
Robert Frost,author,4,4,1.0,exact,"JS-0000-T1392, JS-0000-T814, JS-2017-T6314, JS-2026-T7016"
Slaughterhouse-Five (film),film,4,4,1.0,multi_word,"JS-0000-T1622, JS-0000-T357, JS-0000-T6532, JS-2021-T5844"
The Star-Spangled Banner,song,4,4,1.0,exact,"JS-0000-T1668, JS-1991-T6070, JS-2006-T1122, JS-2027-T3428"
Pyrrhic victory,historical_figure,4,4,1.0,exact,"JS-0000-T1726, JS-0000-T6404, JS-2021-T1572, JS-2024-T6624"
Hank Williams,musician,4,4,1.0,multi_word,"JS-0000-T2116, JS-0000-T6440, JS-2007-T275, JS-2026-T7282"
Raphael,visual_artist,4,4,1.0,exact,"JS-0000-T2632, JS-2019-T2382, JS-2021-T4374, JS-2026-T7260"
Martin Scorsese,film,4,4,1.0,exact,"JS-0000-T2684, JS-1921-T2846, JS-2026-T6952, JS-2026-T7060"
Lawrence Ferlinghetti,author,4,4,1.0,fuzzy,"JS-0000-T2684, JS-0000-T3556, JS-0000-T6426, JS-0000-T782"
The Sopranos,tv,4,4,1.0,fuzzy,"JS-0000-T2684, JS-0000-T814, JS-2017-T6744, JS-2026-T7134"
Billy Pilgrim,fictional_character,4,4,1.0,exact,"JS-0000-T375, JS-1965-T4352, JS-2026-T7100, JS-2026-T7186"
And Now the Leaves Suddenly Lose Strength,work,4,4,1.0,exact,"JS-0000-T6356, JS-0000-T6376, JS-2019-T5150, JS-2026-T6920"
The Doors,band,4,4,1.0,exact,"JS-0000-T862, JS-1921-T2268, JS-2016-T5750, JS-2026-T6948"
Tom Waits,musician,4,4,1.0,exact,"JS-1984-T3348, JS-2016-T6386, JS-2021-T223, JS-2026-T7194"
Francis Bacon,visual_artist,3,19,6.3,multi_word,"JS-0000-T1578, JS-0000-T4202, JS-2022-T4428"
Fortress of Solitude,other,3,11,3.7,exact,"JS-0000-T5816, JS-2016-T5750, JS-2021-T5602"
Samuel Beckett,author,3,9,3.0,exact,"JS-0000-T6842, JS-2026-T6954, JS-2026-T7242"
Ouroboros,religious,3,5,1.7,exact,"JS-2011-T1612, JS-2026-T7010, JS-2026-T7234"
François Villon,author,3,5,1.7,multi_word,"JS-2024-T3526, JS-2025-T3462, JS-2026-T7016"
The Congo,work,3,4,1.3,exact,"JS-0000-T1474, JS-1984-T3348, JS-2019-T5216"
By the Time I Get to Phoenix,song,3,4,1.3,exact,"JS-0000-T4918, JS-1974-T5174, JS-1983-T1466"
Sol LeWitt,visual_artist,3,4,1.3,multi_word,"JS-1921-T6452, JS-2019-T1322, JS-2026-T6942"
Rust Never Sleeps,album,3,3,1.0,exact,"JS-0000-T1128, JS-1982-T1464, JS-2019-T103"
Glen Campbell,musician,3,3,1.0,exact,"JS-0000-T1150, JS-0000-T1750, JS-2023-T2946"
Max Ernst,visual_artist,3,3,1.0,multi_word,"JS-0000-T1440, JS-2017-T5510, JS-2026-T7342"
Wolfgang Amadeus Mozart,musician,3,3,1.0,exact,"JS-0000-T1664, JS-0000-T2632, JS-1921-T2846"
William Butler Yeats,author,3,3,1.0,exact,"JS-0000-T1680, JS-0000-T6772, JS-2026-T7034"
El Greco,visual_artist,3,3,1.0,multi_word,"JS-0000-T1796, JS-0000-T782, JS-2026-T7220"
Aztec civilization,other,3,3,1.0,exact,"JS-0000-T1988, JS-2016-T6212, JS-2021-T5602"
Holden Caulfield,fictional_character,3,3,1.0,multi_word,"JS-0000-T2388, JS-2018-T217, JS-2021-T6588"
Bruce Springsteen,musician,3,3,1.0,exact,"JS-0000-T247, JS-1921-T5320, JS-1921-T696"
Damien Hirst,visual_artist,3,3,1.0,exact,"JS-0000-T2632, JS-2016-T1202, JS-2026-T7106"
Louis-Ferdinand Celine,author,3,3,1.0,exact,"JS-0000-T2684, JS-2022-T987, JS-2026-T7178"
Alfred Hitchcock,author,3,3,1.0,exact,"JS-0000-T2684, JS-1921-T2846, JS-2026-T7060"
Apocalypse Now,film,3,3,1.0,multi_word,"JS-0000-T325, JS-2019-T2318, JS-2024-T3354"
Frederic Chopin,musician,3,3,1.0,exact,"JS-0000-T3422, JS-1921-T2846, JS-2026-T7260"
Aretha Franklin,musician,3,3,1.0,multi_word,"JS-0000-T343, JS-1972-T2882, JS-2026-T6914"
Future Shock,work,3,3,1.0,exact,"JS-0000-T586, JS-0000-T6774, JS-2024-T6616"
Thelonious Monk,musician,3,3,1.0,multi_word,"JS-0000-T6522, JS-2015-T838, JS-2026-T7316"
Muddy Waters,musician,3,3,1.0,multi_word,"JS-0000-T6674, JS-1921-T698, JS-2026-T7026"
The Raven,work,3,3,1.0,exact,"JS-1921-T1698, JS-2026-T6904, JS-2026-T6906"
Jesus calming the storm,religious,3,3,1.0,exact,"JS-1921-T1714, JS-2021-T6450, JS-2021-T6788"
Adventures of Huckleberry Finn,work,3,3,1.0,exact,"JS-1921-T4636, JS-2021-T2776, JS-2026-T7008"
Albert Ayler,musician,3,3,1.0,exact,"JS-1921-T5290, JS-2026-T7024, JS-2026-T7276"
Night closed my windows,work,3,3,1.0,exact,"JS-1974-T1892, JS-2022-T3486, JS-2028-T339"
As I Grew Older,work,3,3,1.0,exact,"JS-2011-T1836, JS-2017-T1764, JS-2025-T3462"
Rock of Ages,religious,3,3,1.0,exact,"JS-2014-T6246, JS-2024-T1634, JS-2024-T6216"
Dan Flavin,visual_artist,3,3,1.0,exact,"JS-2016-T5778, JS-2021-T4374, JS-2026-T7360"
Leo Tolstoy,author,3,3,1.0,exact,"JS-2017-T6744, JS-2021-T5370, JS-2026-T7364"
Joni Mitchell,musician,3,3,1.0,multi_word,"JS-2023-T3568, JS-2026-T6898, JS-2026-T7022"
There Is a Balm in Gilead,religious,2,13,6.5,exact,"JS-0000-T5362, JS-2026-T7192"
Desert Solitaire,work,2,10,5.0,multi_word,"JS-0000-T5816, JS-2016-T5750"
Marcel Proust,author,2,10,5.0,exact,"JS-1921-T2792, JS-2015-T1170"
Auguste Rodin,visual_artist,2,3,1.5,exact,"JS-0000-T1288, JS-0000-T2632"
Vachel Lindsay,author,2,3,1.5,exact,"JS-0000-T6426, JS-2026-T7260"
Richard Wagner,musician,2,3,1.5,exact,"JS-1921-T2846, JS-2016-T6688"
Giuseppe Verdi,musician,2,3,1.5,exact,"JS-1921-T2846, JS-2021-T6480"
Bicycle Thieves,film,2,3,1.5,exact,"JS-1923-T556, JS-2020-T255"
Jasper Johns,visual_artist,2,2,1.0,multi_word,"JS-0000-T1526, JS-2026-T7342"
Marvin Gaye,musician,2,2,1.0,multi_word,"JS-0000-T1526, JS-2026-T7030"
Nosferatu,film,2,2,1.0,exact,"JS-0000-T1526, JS-0000-T6138"
Socrates,philosopher,2,2,1.0,fuzzy,"JS-0000-T1544, JS-0000-T5786"
Herman Melville,author,2,2,1.0,multi_word,"JS-0000-T1578, JS-1981-T4618"
A Wedding Toast,work,2,2,1.0,exact,"JS-0000-T1614, JS-2023-T6812"
Dmitri Karamazov,fictional_character,2,2,1.0,exact,"JS-0000-T1700, JS-0000-T3444"
Frida Kahlo,visual_artist,2,2,1.0,multi_word,"JS-0000-T1774, JS-0000-T2632"
Adam West,historical_figure,2,2,1.0,multi_word,"JS-0000-T197, JS-2021-T6728"
Ubu Roi,work,2,2,1.0,multi_word,"JS-0000-T2052, JS-2017-T2414"
James Turrell,visual_artist,2,2,1.0,fuzzy,"JS-0000-T2350, JS-2016-T5778"
David Copperfield,work,2,2,1.0,multi_word,"JS-0000-T2388, JS-0000-T6338"
Arthur Miller,author,2,2,1.0,exact,"JS-0000-T245, JS-2016-T6594"
Cy Twombly,visual_artist,2,2,1.0,exact,"JS-0000-T247, JS-2017-T566"
Stopping by Woods on a Snowy Evening,work,2,2,1.0,fuzzy,"JS-0000-T257, JS-1974-T3562"
Federico Fellini,film,2,2,1.0,fuzzy,"JS-0000-T2632, JS-2026-T7054"
Ixion,religious,2,2,1.0,exact,"JS-0000-T2674, JS-0000-T6206"
Wilson Pickett,musician,2,2,1.0,multi_word,"JS-0000-T2684, JS-2026-T7244"
Henny Youngman,historical_figure,2,2,1.0,exact,"JS-0000-T321, JS-1921-T2268"
The Book of Love,song,2,2,1.0,multi_word,"JS-0000-T3358, JS-1984-T6024"
Big Daddy,fictional_character,2,2,1.0,exact,"JS-0000-T5396, JS-2021-T4990"
unholy trinity,religious,2,2,1.0,exact,"JS-0000-T6016, JS-2026-T7226"
Andrew Dice Clay,historical_figure,2,2,1.0,exact,"JS-0000-T6034, JS-2026-T7184"
Leopold II of Belgium,historical_figure,2,2,1.0,exact,"JS-0000-T622, JS-2018-T1686"
Eric Clapton,musician,2,2,1.0,multi_word,"JS-0000-T6222, JS-2007-T275"
Nixon resignation,historical_event,2,2,1.0,fuzzy,"JS-0000-T6380, JS-2026-T6892"
Captain Beefheart,musician,2,2,1.0,exact,"JS-0000-T6674, JS-1951-T6696"
Tombstone Blues,song,2,2,1.0,multi_word,"JS-0000-T6768, JS-2016-T2112"
A Brief Encounter with the Enemy,work,2,2,1.0,exact,"JS-0000-T808, JS-2023-T1438"
Franz Kline,visual_artist,2,2,1.0,exact,"JS-1921-T2846, JS-1947-T6094"
Robert Motherwell,visual_artist,2,2,1.0,exact,"JS-1921-T2846, JS-1947-T6094"
Duke Ellington,musician,2,2,1.0,exact,"JS-1921-T5290, JS-2026-T7276"
Humphrey Bogart,other,2,2,1.0,multi_word,"JS-1922-T2696, JS-2021-T4872"
The Metamorphosis,work,2,2,1.0,exact,"JS-1982-T6456, JS-2024-T1662"
RMS Titanic,other,2,2,1.0,exact,"JS-2006-T2492, JS-2021-T1572"
Henri Matisse,visual_artist,2,2,1.0,exact,"JS-2011-T1612, JS-2016-T5750"
Notes from Underground,work,2,2,1.0,exact,"JS-2014-T5078, JS-2015-T6508"
The Clash,band,2,2,1.0,exact,"JS-2016-T5750, JS-2026-T7066"
The Byrds,band,2,2,1.0,multi_word,"JS-2018-T4124, JS-2027-T3428"
David Bowie,musician,2,2,1.0,multi_word,"JS-2019-T2318, JS-2021-T5048"
Peter Lorre,historical_figure,2,2,1.0,multi_word,"JS-2022-T3372, JS-2026-T7364"
Dorothy Gale,fictional_character,2,2,1.0,exact,"JS-2026-T6894, JS-2026-T7260"
Billie Holiday,musician,2,2,1.0,multi_word,"JS-2026-T6898, JS-2026-T6914"
Charles Baudelaire,author,2,2,1.0,fuzzy,"JS-2026-T7112, JS-2026-T7202"
Ray Charles,musician,2,2,1.0,multi_word,"JS-2026-T7142, JS-2026-T7276"
Brown Sugar,song,1,6,6.0,exact,JS-2023-T860
Diego Velazquez,visual_artist,1,4,4.0,fuzzy,JS-0000-T1796
Caravan,song,1,3,3.0,fuzzy,JS-0000-T3762
Philip Guston,visual_artist,1,3,3.0,exact,JS-2011-T127
Karma,religious,1,3,3.0,exact,JS-2021-T5588
Charles Marlow,fictional_character,1,3,3.0,exact,JS-2022-T3372
Truman Capote,author,1,2,2.0,multi_word,JS-2014-T1880
Black Crow,song,1,2,2.0,exact,JS-2019-T5216
Virginia Woolf,author,1,2,2.0,multi_word,JS-2022-T3486
Phlogiston theory,other,1,2,2.0,exact,JS-2026-T6936
David Hockney,visual_artist,1,2,2.0,exact,JS-2026-T7028
Wallace Stevens,author,1,1,1.0,multi_word,JS-0000-T1204
George Harrison,musician,1,1,1.0,multi_word,JS-0000-T1534
Gerhard Richter,visual_artist,1,1,1.0,exact,JS-0000-T1544
Tennessee Williams,author,1,1,1.0,multi_word,JS-0000-T1604
The Cabinet of Dr. Caligari,film,1,1,1.0,exact,JS-0000-T205
New York Yankees,sports,1,1,1.0,exact,JS-0000-T205
Weekend (1967 film),film,1,1,1.0,multi_word,JS-0000-T2052
Larry Rivers,visual_artist,1,1,1.0,multi_word,JS-0000-T2116
Joey Ramone,musician,1,1,1.0,exact,JS-0000-T221
There Is No Frigate Like a Book,work,1,1,1.0,multi_word,JS-0000-T2284
Bible,religious,1,1,1.0,exact,JS-0000-T2602
Jean Dubuffet,visual_artist,1,1,1.0,exact,JS-0000-T2632
Gustav Klimt,visual_artist,1,1,1.0,exact,JS-0000-T2632
Willem Dafoe,historical_figure,1,1,1.0,exact,JS-0000-T2684
Saki,author,1,1,1.0,exact,JS-0000-T2684
Michael McClure,author,1,1,1.0,fuzzy,JS-0000-T2684
Wile E. Coyote,fictional_character,1,1,1.0,exact,JS-0000-T3540
Mount Olympus,religious,1,1,1.0,exact,JS-0000-T3718
Robert Lowell,author,1,1,1.0,exact,JS-0000-T4748
Edward Abbey,author,1,1,1.0,multi_word,JS-0000-T5816
Blondie,band,1,1,1.0,exact,JS-0000-T6140
Barnett Newman,visual_artist,1,1,1.0,multi_word,JS-0000-T6196
Richard II,work,1,1,1.0,multi_word,JS-0000-T6218
Walt Whitman,author,1,1,1.0,exact,JS-0000-T6426
Looney Tunes,other,1,1,1.0,exact,JS-0000-T6772
World War II,historical_event,1,1,1.0,multi_word,JS-0000-T6844
Keith Moon,musician,1,1,1.0,multi_word,JS-0000-T880
Grantland Rice,author,1,1,1.0,exact,JS-0000-T89
Veronica Lake,historical_figure,1,1,1.0,multi_word,JS-1921-T1114
Sergei Rachmaninoff,musician,1,1,1.0,exact,JS-1921-T2846
Gustav Mahler,musician,1,1,1.0,exact,JS-1921-T2846
September 11 attacks,historical_event,1,1,1.0,exact,JS-1921-T4636
Count Basie,musician,1,1,1.0,exact,JS-1921-T5290
Man of La Mancha,work,1,1,1.0,multi_word,JS-1977-T6272
Edvard Munch,visual_artist,1,1,1.0,multi_word,JS-1984-T1600
William Blake,visual_artist,1,1,1.0,multi_word,JS-1993-T3450
Desiderius Erasmus,philosopher,1,1,1.0,fuzzy,JS-2003-T5820
The Kinks,band,1,1,1.0,exact,JS-2010-T4970
James and the Giant Peach,work,1,1,1.0,exact,JS-2013-T4776
Jean Tinguely,visual_artist,1,1,1.0,exact,JS-2014-T5400
King Lear,work,1,1,1.0,exact,JS-2014-T5640
Banksy,visual_artist,1,1,1.0,exact,JS-2016-T1202
Bruce Nauman,visual_artist,1,1,1.0,exact,JS-2017-T1088
Jeff Koons,visual_artist,1,1,1.0,exact,JS-2017-T1226
Janis Joplin,musician,1,1,1.0,multi_word,JS-2017-T5084
Whirling dervishes,religious,1,1,1.0,exact,JS-2017-T5700
Tivoli Gardens,venue,1,1,1.0,exact,JS-2018-T365
Casio,other,1,1,1.0,exact,JS-2019-T1200
Tom Wolfe,author,1,1,1.0,exact,JS-2019-T1322
Frank Zappa,musician,1,1,1.0,exact,JS-2019-T5216
Smokey Robinson,musician,1,1,1.0,multi_word,JS-2019-T5554
Paul Gauguin,visual_artist,1,1,1.0,fuzzy,JS-2019-T592
Louis Armstrong,musician,1,1,1.0,multi_word,JS-2020-T255
James Rosenquist,visual_artist,1,1,1.0,exact,JS-2021-T5844
Angkor Wat,other,1,1,1.0,multi_word,JS-2021-T5902
The Catcher in the Rye,work,1,1,1.0,multi_word,JS-2021-T6588
Mr. Tambourine Man,song,1,1,1.0,multi_word,JS-2022-T1484
Bellevue Hospital,other,1,1,1.0,exact,JS-2022-T371
Artificial Intelligence,work,1,1,1.0,exact,JS-2022-T987
Orion,other,1,1,1.0,exact,JS-2023-T187
Coca-Cola,other,1,1,1.0,fuzzy,JS-2023-T2202
South Boston,other,1,1,1.0,exact,JS-2023-T3426
Joseph Cornell,visual_artist,1,1,1.0,exact,JS-2023-T496
Doctor T.J. Eckleburg,fictional_character,1,1,1.0,multi_word,JS-2023-T6518
War on Terror,historical_event,1,1,1.0,exact,JS-2023-T6518
Parthenon,other,1,1,1.0,fuzzy,JS-2024-T3392
Book of Proverbs,religious,1,1,1.0,fuzzy,JS-2024-T924
Dizzy Gillespie,musician,1,1,1.0,exact,JS-2026-T7024
Art Blakey,musician,1,1,1.0,exact,JS-2026-T7024
The Temptations,band,1,1,1.0,exact,JS-2026-T7030
Zoot Suit Riot,song,1,1,1.0,exact,JS-2026-T7074
Sonny Rollins,musician,1,1,1.0,multi_word,JS-2026-T7126
John Keats,author,1,1,1.0,exact,JS-2026-T7132
Johnny Cash,musician,1,1,1.0,exact,JS-2026-T7132
Albert Camus,author,1,1,1.0,exact,JS-2026-T7134
Sam Shepard,author,1,1,1.0,multi_word,JS-2026-T7144
Wish You Were Here,other,1,1,1.0,multi_word,JS-2026-T7154
Luciano Pavarotti,musician,1,1,1.0,exact,JS-2026-T7154
Jean-Baptiste Clamence,fictional_character,1,1,1.0,fuzzy,JS-2026-T7190
Arthur Rimbaud,author,1,1,1.0,exact,JS-2026-T7202
Isis,religious,1,1,1.0,exact,JS-2026-T7246
Max Roach,musician,1,1,1.0,multi_word,JS-2026-T7276
Pharoah Sanders,musician,1,1,1.0,multi_word,JS-2026-T7276
Albrecht Durer,visual_artist,1,1,1.0,multi_word,JS-2026-T7342
Claes Oldenburg,visual_artist,1,1,1.0,exact,JS-2026-T7342
Henry Miller,author,1,1,1.0,multi_word,JS-2026-T7352
Hans Holbein,visual_artist,1,1,1.0,exact,JS-2026-T7360
Salvador Dali,visual_artist,1,1,1.0,exact,JS-2026-T7360
